from_id	to_id	weight
U37	U352	1
U37	U352	1
U476	U82	1
U5	U76	1
U476	U82	1
U82	U352	1
U720	U32	1
U476	U424	1
U82	U476	1
U509	U32	1
U476	U82	1
U720	U33	1
U509	U161	1
U476	U424	1
U29	U603	1
U82	U476	1
U199	U491	1
U603	U29	1
U352	U37	1
U29	U139	1
U122	U352	1
U58	U29	1
U476	U424	1
U603	U29	1
U64	U603	1
U603	U64	1
U133	U148	1
U29	U603	1
U476	U82	1
U29	U58	1
U82	U476	1
U25	U148	1
U180	U396	1
U37	U29	1
U743	U791	1
U603	U64	1
U424	U476	1
U352	U82	1
U29	U210	1
U56	U291	1
U174	U112	1
U833	U33	1
U14	U476	1
U353	U39	1
U125	U861	1
U76	U150	1
U353	U181	1
U150	U9	1
U14	U129	1
U150	U76	1
U214	U142	1
U214	U32	1
U161	U328	1
U14	U476	1
U92	U17	1
U29	U37	1
U286	U133	1
U14	U476	1
U359	U32	1
U222	U769	1
U37	U33	1
U282	U357	1
U14	U129	1
U14	U476	1
U14	U476	1
U14	U129	1
U66	U33	1
U14	U129	1
U14	U476	1
U14	U129	1
U148	U109	1
U357	U282	1
U56	U291	1
U56	U291	1
U14	U129	1
U14	U476	1
U142	U214	1
U82	U219	1
U82	U112	1
U125	U494	1
U64	U603	1
U642	U701	1
U603	U64	1
U219	U102	1
U199	U475	1
U102	U219	1
U306	U324	1
U82	U219	1
U219	U102	1
U102	U219	1
U102	U219	1
U509	U25	1
U219	U102	1
U37	U458	1
U102	U219	1
U148	U133	1
U219	U102	1
U509	U25	1
U118	U267	1
U219	U82	1
U432	U222	1
U432	U25	1
U219	U102	1
U148	U102	1
U530	U109	1
U102	U148	1
U148	U737	1
U102	U219	1
U219	U102	1
U102	U219	1
U219	U102	1
U102	U219	1
U219	U102	1
U102	U219	1
U25	U432	1
U219	U102	1
U432	U25	1
U25	U432	1
U102	U219	1
U25	U432	1
U352	U122	1
U219	U82	1
U716	U25	1
U82	U219	1
U509	U161	1
U12	U544	1
U12	U134	1
U12	U160	1
U22	U694	1
U544	U12	1
U352	U128	1
U22	U52	1
U37	U29	1
U306	U245	1
U374	U361	1
U64	U392	1
U82	U476	1
U58	U29	1
U476	U424	1
U64	U603	1
U139	U29	1
U148	U133	1
U352	U122	1
U25	U432	1
U475	U214	1
U133	U148	1
U107	U109	1
U219	U82	1
U306	U45	1
U642	U528	1
U20	U140	1
U37	U33	1
U306	U523	1
U122	U352	1
U37	U33	1
U306	U217	1
U475	U157	1
U475	U199	1
U22	U1036	1
U306	U475	1
U475	U413	1
U22	U144	1
U148	U25	1
U125	U345	1
U14	U476	1
U14	U129	1
U132	U105	1
U19	U269	1
U13	U223	1
U19	U269	1
U289	U362	1
U105	U132	1
U328	U161	1
U1	U54	1
U75	U109	1
U132	U105	1
U14	U129	1
U14	U476	1
U1	U54	1
U13	U223	1
U494	U58	1
U223	U13	1
U140	U57	1
U940	U25	1
U223	U13	1
U11	U203	1
U1	U54	1
U476	U109	1
U29	U17	1
U29	U139	1
U1	U54	1
U14	U129	1
U792	U218	1
U715	U599	1
U105	U132	1
U207	U833	1
U1	U73	1
U458	U476	1
U14	U129	1
U140	U29	1
U14	U476	1
U75	U432	1
U105	U132	1
U1	U65	1
U161	U106	1
U491	U199	1
U132	U105	1
U375	U63	1
U19	U8	1
U207	U833	1
U8	U132	1
U13	U223	1
U76	U833	1
U80	U52	1
U223	U13	1
U52	U13	1
U52	U80	1
U13	U52	1
U280	U55	1
U280	U55	1
U280	U55	1
U219	U102	1
U267	U545	1
U328	U161	1
U132	U8	1
U1	U54	1
U3	U207	1
U223	U13	1
U161	U328	1
U218	U792	1
U458	U732	1
U132	U105	1
U458	U732	1
U218	U8	1
U895	U240	1
U13	U8	1
U3	U19	1
U14	U129	1
U298	U755	1
U3	U134	1
U105	U132	1
U112	U212	1
U13	U223	1
U223	U13	1
U125	U345	1
U509	U161	1
U19	U12	1
U31	U545	1
U1	U54	1
U119	U364	1
U14	U859	1
U240	U1062	1
U9	U476	1
U14	U129	1
U476	U9	1
U371	U32	1
U32	U371	1
U14	U476	1
U476	U9	1
U32	U214	1
U240	U895	1
U364	U119	1
U1	U65	1
U106	U161	1
U119	U270	1
U376	U37	1
U148	U109	1
U148	U428	1
U210	U32	1
U3	U365	1
U376	U65	1
U1	U65	1
U1	U54	1
U14	U476	1
U133	U286	1
U210	U29	1
U125	U402	1
U273	U320	1
U133	U859	1
U1	U54	1
U357	U282	1
U1	U65	1
U125	U43	1
U14	U476	1
U119	U364	1
U119	U112	1
U125	U99	1
U14	U129	1
U285	U8	1
U1	U54	1
U14	U476	1
U9	U150	1
U3	U324	1
U1	U65	1
U76	U150	1
U125	U554	1
U125	U554	1
U125	U554	1
U125	U682	1
U125	U682	1
U1	U54	1
U1	U54	1
U139	U29	1
U1	U715	1
U11	U203	1
U3	U365	1
U545	U267	1
U9	U476	1
U32	U103	1
U9	U476	1
U14	U476	1
U476	U9	1
U13	U223	1
U285	U784	1
U78	U150	1
U364	U119	1
U56	U78	1
U125	U353	1
U859	U133	1
U125	U353	1
U19	U148	1
U1	U54	1
U56	U78	1
U632	U212	1
U1	U54	1
U285	U214	1
U119	U364	1
U102	U219	1
U2	U207	1
U148	U102	1
U359	U102	1
U102	U359	1
U41	U310	1
U104	U739	1
U93	U7	1
U424	U476	1
U424	U217	1
U7	U103	1
U629	U13	1
U7	U93	1
U93	U7	1
U739	U64	1
U7	U89	1
U7	U93	1
U7	U89	1
U93	U7	1
U739	U104	1
U102	U359	1
U7	U33	1
U785	U281	1
U1	U1052	1
U298	U650	1
U66	U269	1
U66	U49	1
U648	U19	1
U66	U269	1
U836	U25	1
U13	U629	1
U648	U33	1
U359	U33	1
U66	U269	1
U89	U609	1
U33	U180	1
U546	U19	1
U102	U359	1
U359	U102	1
U359	U40	1
U118	U267	1
U7	U218	1
U7	U93	1
U2	U207	1
U61	U680	1
U93	U7	1
U2	U207	1
U7	U93	1
U93	U7	1
U217	U1276	1
U7	U93	1
U217	U424	1
U2	U207	1
U2	U236	1
U52	U13	1
U640	U1102	1
U236	U817	1
U817	U236	1
U817	U236	1
U236	U817	1
U236	U817	1
U7	U93	1
U1	U281	1
U93	U7	1
U2	U207	1
U2	U93	1
U218	U7	1
U93	U7	1
U227	U620	1
U2	U207	1
U2	U93	1
U2	U93	1
U7	U218	1
U218	U7	1
U7	U93	1
U2	U207	1
U93	U7	1
U93	U7	1
U7	U93	1
U7	U93	1
U620	U227	1
U93	U7	1
U118	U59	1
U236	U817	1
U33	U648	1
U1	U73	1
U66	U49	1
U219	U666	1
U52	U80	1
U52	U22	1
U27	U209	1
U666	U219	1
U150	U9	1
U125	U164	1
U66	U49	1
U150	U76	1
U66	U49	1
U862	U124	1
U1	U1052	1
U41	U109	1
U66	U49	1
U118	U267	1
U862	U124	1
U66	U49	1
U164	U125	1
U192	U298	1
U7	U38	1
U7	U38	1
U38	U7	1
U209	U27	1
U38	U7	1
U7	U38	1
U38	U7	1
U119	U461	1
U7	U38	1
U2	U118	1
U27	U209	1
U11	U203	1
U209	U27	1
U268	U46	1
U11	U203	1
U192	U131	1
U125	U164	1
U35	U279	1
U306	U650	1
U180	U33	1
U306	U650	1
U41	U33	1
U1052	U27	1
U66	U269	1
U27	U813	1
U275	U13	1
U212	U632	1
U33	U41	1
U35	U279	1
U33	U735	1
U33	U112	1
U33	U833	1
U33	U188	1
U66	U269	1
U33	U108	1
U66	U168	1
U33	U7	1
U66	U49	1
U33	U359	1
U56	U315	1
U260	U39	1
U209	U27	1
U63	U375	1
U306	U282	1
U66	U49	1
U27	U209	1
U41	U603	1
U306	U424	1
U267	U118	1
U209	U27	1
U77	U112	1
U77	U270	1
U2	U817	1
U2	U442	1
U77	U735	1
U13	U275	1
U27	U1052	1
U359	U33	1
U244	U32	1
U102	U148	1
U2	U207	1
U476	U14	1
U458	U1039	1
U458	U37	1
U7	U125	1
U66	U49	1
U46	U141	1
U46	U600	1
U46	U419	1
U458	U1039	1
U7	U218	1
U7	U19	1
U1062	U240	1
U12	U134	1
U66	U49	1
U108	U19	1
U49	U139	1
U49	U8	1
U599	U715	1
U66	U49	1
U48	U523	1
U48	U58	1
U274	U81	1
U361	U374	1
U125	U99	1
U125	U7	1
U99	U125	1
U40	U225	1
U6	U303	1
U125	U7	1
U456	U55	1
U125	U7	1
U125	U7	1
U125	U7	1
U125	U7	1
U125	U7	1
U125	U164	1
U48	U214	1
U227	U341	1
U98	U428	1
U98	U636	1
U98	U387	1
U241	U424	1
U432	U5	1
U432	U769	1
U13	U769	1
U134	U12	1
U57	U244	1
U244	U57	1
U102	U148	1
U27	U209	1
U148	U102	1
U219	U102	1
U102	U148	1
U148	U102	1
U102	U219	1
U102	U148	1
U148	U102	1
U219	U102	1
U10	U107	1
U274	U112	1
U144	U22	1
U268	U739	1
U35	U279	1
U608	U873	1
U608	U409	1
U98	U424	1
U55	U456	1
U608	U269	1
U98	U291	1
U98	U21	1
U98	U217	1
U171	U264	1
U31	U286	1
U557	U40	1
U46	U219	1
U384	U25	1
U557	U7	1
U157	U475	1
U108	U19	1
U19	U12	1
U476	U14	1
U274	U270	1
U33	U37	1
U424	U476	1
U2	U207	1
U288	U895	1
U90	U158	1
U90	U156	1
U227	U729	1
U227	U284	1
U2	U207	1
U227	U284	1
U24	U71	1
U81	U274	1
U227	U1007	1
U428	U148	1
U227	U620	1
U227	U157	1
U108	U33	1
U14	U859	1
U2	U7	1
U247	U131	1
U112	U274	1
U103	U59	1
U476	U14	1
U2	U207	1
U129	U14	1
U476	U424	1
U2	U7	1
U2	U7	1
U2	U7	1
U2	U207	1
U2	U7	1
U458	U89	1
U59	U103	1
U59	U103	1
U103	U59	1
U46	U141	1
U2	U207	1
U2	U207	1
U80	U1314	1
U80	U236	1
U108	U284	1
U164	U125	1
U270	U274	1
U29	U37	1
U859	U14	1
U29	U58	1
U29	U139	1
U55	U456	1
U454	U172	1
U29	U603	1
U267	U118	1
U1169	U640	1
U144	U291	1
U1169	U640	1
U76	U204	1
U229	U19	1
U125	U99	1
U296	U44	1
U570	U79	1
U458	U39	1
U172	U454	1
U9	U150	1
U813	U27	1
U813	U27	1
U220	U374	1
U220	U367	1
U458	U39	1
U291	U204	1
U89	U636	1
U58	U29	1
U389	U612	1
U176	U63	1
U390	U219	1
U2	U7	1
U48	U58	1
U89	U13	1
U328	U161	1
U791	U743	1
U743	U791	1
U545	U267	1
U37	U376	1
U76	U79	1
U136	U172	1
U70	U636	1
U55	U184	1
U825	U370	1
U44	U200	1
U56	U291	1
U44	U310	1
U118	U260	1
U291	U54	1
U112	U51	1
U139	U49	1
U310	U457	1
U49	U139	1
U274	U81	1
U310	U809	1
U274	U270	1
U49	U139	1
U56	U600	1
U219	U82	1
U691	U81	1
U12	U160	1
U636	U70	1
U17	U33	1
U52	U13	1
U17	U110	1
U625	U58	1
U17	U419	1
U56	U625	1
U17	U29	1
U17	U92	1
U49	U139	1
U139	U600	1
U17	U271	1
U217	U98	1
U17	U752	1
U139	U49	1
U217	U44	1
U3	U88	1
U3	U88	1
U345	U56	1
U31	U545	1
U56	U192	1
U56	U192	1
U282	U357	1
U3	U303	1
U56	U192	1
U458	U359	1
U49	U139	1
U56	U192	1
U365	U104	1
U3	U43	1
U56	U192	1
U365	U104	1
U219	U209	1
U3	U423	1
U56	U192	1
U139	U49	1
U56	U192	1
U56	U192	1
U160	U12	1
U192	U56	1
U56	U192	1
U3	U88	1
U11	U361	1
U758	U268	1
U3	U303	1
U160	U12	1
U3	U303	1
U56	U345	1
U12	U160	1
U3	U303	1
U160	U12	1
U3	U345	1
U139	U49	1
U3	U303	1
U11	U203	1
U636	U8	1
U56	U192	1
U56	U192	1
U56	U192	1
U357	U282	1
U139	U49	1
U184	U55	1
U26	U9	1
U879	U114	1
U3	U268	1
U112	U82	1
U570	U79	1
U66	U328	1
U9	U105	1
U112	U33	1
U105	U9	1
U9	U105	1
U306	U245	1
U217	U98	1
U98	U43	1
U270	U274	1
U98	U21	1
U98	U21	1
U739	U268	1
U524	U141	1
U139	U49	1
U266	U244	1
U192	U365	1
U9	U105	1
U1	U528	1
U24	U524	1
U105	U9	1
U24	U524	1
U214	U475	1
U9	U105	1
U1	U528	1
U79	U570	1
U105	U9	1
U112	U750	1
U1	U65	1
U184	U750	1
U440	U80	1
U184	U55	1
U112	U515	1
U112	U119	1
U10	U403	1
U184	U55	1
U260	U118	1
U79	U570	1
U341	U267	1
U1	U65	1
U31	U545	1
U63	U375	1
U509	U27	1
U266	U244	1
U267	U545	1
U341	U227	1
U56	U584	1
U599	U715	1
U55	U184	1
U268	U367	1
U139	U49	1
U49	U139	1
U33	U17	1
U52	U17	1
U33	U118	1
U81	U274	1
U112	U274	1
U49	U139	1
U105	U9	1
U98	U217	1
U10	U150	1
U33	U358	1
U2	U80	1
U33	U56	1
U33	U7	1
U33	U46	1
U241	U76	1
U98	U240	1
U55	U184	1
U79	U750	1
U81	U691	1
U244	U266	1
U9	U105	1
U90	U158	1
U56	U192	1
U282	U357	1
U2	U207	1
U32	U98	1
U32	U106	1
U1	U80	1
U2	U13	1
U2	U13	1
U361	U580	1
U2	U80	1
U496	U115	1
U14	U181	1
U2	U44	1
U13	U263	1
U32	U244	1
U32	U58	1
U32	U85	1
U32	U318	1
U32	U58	1
U14	U181	1
U32	U318	1
U318	U32	1
U3	U268	1
U244	U181	1
U3	U207	1
U49	U139	1
U2	U207	1
U3	U207	1
U181	U244	1
U2	U207	1
U2	U13	1
U244	U181	1
U106	U32	1
U318	U32	1
U318	U32	1
U829	U32	1
U32	U318	1
U1	U529	1
U32	U318	1
U318	U32	1
U32	U469	1
U32	U175	1
U172	U136	1
U32	U275	1
U112	U51	1
U25	U112	1
U112	U25	1
U76	U709	1
U303	U58	1
U58	U494	1
U19	U25	1
U336	U40	1
U709	U76	1
U14	U23	1
U58	U32	1
U128	U352	1
U367	U268	1
U14	U23	1
U207	U46	1
U80	U52	1
U112	U240	1
U40	U336	1
U112	U371	1
U25	U112	1
U76	U241	1
U375	U744	1
U14	U181	1
U375	U63	1
U32	U227	1
U32	U227	1
U32	U227	1
U51	U112	1
U240	U98	1
U14	U181	1
U240	U112	1
U750	U79	1
U303	U58	1
U14	U23	1
U14	U181	1
U58	U303	1
U19	U504	1
U112	U25	1
U219	U209	1
U181	U244	1
U2	U207	1
U3	U565	1
U3	U565	1
U3	U207	1
U49	U8	1
U32	U244	1
U58	U32	1
U12	U636	1
U3	U565	1
U3	U361	1
U8	U49	1
U3	U565	1
U3	U51	1
U565	U54	1
U3	U49	1
U3	U51	1
U285	U8	1
U58	U32	1
U192	U32	1
U8	U49	1
U3	U192	1
U2	U207	1
U56	U192	1
U49	U8	1
U56	U192	1
U192	U365	1
U270	U636	1
U56	U192	1
U192	U365	1
U365	U192	1
U56	U192	1
U357	U282	1
U176	U63	1
U192	U365	1
U56	U192	1
U3	U209	1
U56	U192	1
U56	U192	1
U3	U207	1
U2	U207	1
U3	U207	1
U2	U207	1
U2	U207	1
U3	U51	1
U3	U207	1
U260	U118	1
U3	U209	1
U244	U1205	1
U1	U88	1
U3	U207	1
U1	U409	1
U2	U207	1
U3	U207	1
U32	U244	1
U1	U528	1
U2	U207	1
U579	U181	1
U2	U13	1
U244	U181	1
U2	U207	1
U3	U207	1
U3	U207	1
U251	U209	1
U3	U49	1
U285	U475	1
U8	U636	1
U3	U207	1
U49	U8	1
U636	U8	1
U8	U49	1
U3	U49	1
U8	U636	1
U3	U49	1
U285	U229	1
U2	U207	1
U3	U207	1
U145	U964	1
U32	U244	1
U3	U565	1
U3	U207	1
U3	U207	1
U750	U184	1
U56	U192	1
U192	U155	1
U155	U660	1
U132	U8	1
U79	U80	1
U80	U52	1
U35	U750	1
U112	U267	1
U80	U79	1
U80	U79	1
U112	U452	1
U52	U80	1
U112	U1104	1
U79	U80	1
U8	U132	1
U88	U79	1
U1	U409	1
U2	U80	1
U112	U646	1
U1	U155	1
U52	U80	1
U156	U226	1
U79	U155	1
U132	U8	1
U79	U80	1
U13	U52	1
U75	U769	1
U132	U105	1
U8	U132	1
U1	U155	1
U8	U226	1
U105	U132	1
U80	U79	1
U132	U8	1
U1	U409	1
U156	U172	1
U79	U80	1
U80	U52	1
U8	U132	1
U132	U8	1
U2	U80	1
U52	U13	1
U79	U88	1
U105	U132	1
U112	U79	1
U365	U192	1
U132	U105	1
U79	U112	1
U1	U409	1
U240	U895	1
U52	U13	1
U112	U79	1
U2	U80	1
U279	U789	1
U90	U158	1
U79	U112	1
U24	U33	1
U52	U80	1
U112	U79	1
U1	U54	1
U214	U79	1
U8	U49	1
U52	U80	1
U80	U79	1
U112	U79	1
U362	U289	1
U132	U105	1
U79	U112	1
U14	U129	1
U88	U79	1
U79	U88	1
U79	U88	1
U57	U244	1
U518	U103	1
U88	U79	1
U80	U52	1
U35	U279	1
U112	U79	1
U2	U80	1
U13	U52	1
U79	U112	1
U90	U278	1
U1	U409	1
U156	U109	1
U234	U1102	1
U105	U132	1
U833	U19	1
U80	U52	1
U13	U223	1
U234	U1102	1
U80	U52	1
U52	U80	1
U80	U79	1
U52	U13	1
U267	U545	1
U132	U8	1
U608	U302	1
U234	U671	1
U132	U105	1
U19	U8	1
U214	U79	1
U608	U873	1
U13	U52	1
U52	U13	1
U13	U223	1
U192	U114	1
U52	U80	1
U105	U132	1
U13	U52	1
U495	U599	1
U1	U54	1
U267	U341	1
U132	U105	1
U13	U52	1
U80	U52	1
U80	U52	1
U52	U13	1
U608	U302	1
U207	U833	1
U223	U13	1
U280	U183	1
U257	U37	1
U8	U132	1
U90	U156	1
U79	U80	1
U79	U80	1
U132	U105	1
U13	U52	1
U79	U155	1
U19	U8	1
U8	U132	1
U80	U79	1
U107	U396	1
U155	U79	1
U80	U52	1
U79	U80	1
U1	U54	1
U52	U13	1
U79	U155	1
U80	U79	1
U105	U132	1
U155	U79	1
U132	U8	1
U52	U80	1
U107	U396	1
U298	U614	1
U155	U103	1
U155	U79	1
U1	U54	1
U79	U156	1
U103	U155	1
U156	U79	1
U79	U155	1
U107	U396	1
U79	U155	1
U219	U442	1
U107	U442	1
U155	U79	1
U105	U132	1
U52	U80	1
U75	U432	1
U79	U155	1
U155	U79	1
U1	U409	1
U79	U214	1
U52	U13	1
U52	U80	1
U279	U76	1
U417	U43	1
U52	U13	1
U413	U32	1
U52	U80	1
U1054	U40	1
U52	U13	1
U76	U279	1
U118	U33	1
U570	U79	1
U118	U260	1
U90	U83	1
U570	U79	1
U112	U339	1
U52	U80	1
U52	U22	1
U106	U161	1
U391	U1062	1
U200	U44	1
U76	U279	1
U33	U80	1
U80	U33	1
U52	U13	1
U76	U279	1
U52	U80	1
U134	U12	1
U33	U80	1
U76	U141	1
U279	U76	1
U80	U33	1
U46	U268	1
U413	U109	1
U56	U33	1
U79	U570	1
U52	U13	1
U13	U132	1
U52	U80	1
U52	U13	1
U80	U33	1
U105	U336	1
U14	U9	1
U56	U365	1
U80	U440	1
U56	U365	1
U26	U9	1
U56	U365	1
U56	U192	1
U24	U524	1
U1	U528	1
U49	U139	1
U105	U132	1
U56	U192	1
U76	U241	1
U98	U217	1
U791	U743	1
U32	U103	1
U192	U155	1
U56	U192	1
U184	U750	1
U339	U112	1
U580	U361	1
U14	U9	1
U339	U17	1
U139	U49	1
U339	U155	1
U52	U80	1
U52	U13	1
U105	U9	1
U26	U9	1
U49	U139	1
U139	U49	1
U9	U105	1
U186	U5	1
U56	U365	1
U55	U184	1
U192	U13	1
U14	U118	1
U105	U9	1
U56	U365	1
U192	U13	1
U52	U13	1
U391	U895	1
U76	U696	1
U545	U267	1
U35	U279	1
U112	U79	1
U105	U132	1
U33	U188	1
U188	U33	1
U217	U98	1
U220	U112	1
U1	U409	1
U52	U13	1
U132	U105	1
U192	U142	1
U1	U155	1
U52	U80	1
U79	U112	1
U458	U188	1
U33	U32	1
U52	U13	1
U336	U105	1
U52	U80	1
U61	U192	1
U56	U192	1
U188	U33	1
U279	U76	1
U192	U365	1
U52	U80	1
U61	U192	1
U365	U192	1
U2	U80	1
U192	U365	1
U458	U732	1
U365	U192	1
U79	U112	1
U2	U514	1
U789	U279	1
U105	U336	1
U1	U409	1
U61	U57	1
U112	U79	1
U35	U279	1
U289	U362	1
U52	U13	1
U192	U76	1
U192	U79	1
U52	U80	1
U46	U33	1
U413	U475	1
U76	U279	1
U76	U79	1
U469	U32	1
U132	U105	1
U52	U13	1
U270	U217	1
U220	U367	1
U76	U279	1
U24	U524	1
U14	U9	1
U279	U76	1
U63	U176	1
U279	U76	1
U79	U112	1
U52	U80	1
U33	U37	1
U61	U192	1
U1	U409	1
U192	U79	1
U1	U528	1
U52	U13	1
U192	U79	1
U79	U76	1
U61	U192	1
U52	U80	1
U52	U13	1
U61	U192	1
U52	U80	1
U112	U79	1
U217	U270	1
U105	U132	1
U52	U80	1
U123	U41	1
U123	U58	1
U431	U1113	1
U3	U39	1
U423	U167	1
U431	U167	1
U58	U123	1
U544	U423	1
U40	U282	1
U3	U43	1
U40	U282	1
U3	U39	1
U476	U88	1
U43	U128	1
U423	U544	1
U3	U324	1
U43	U137	1
U306	U205	1
U123	U58	1
U71	U38	1
U3	U43	1
U199	U39	1
U56	U315	1
U544	U423	1
U113	U23	1
U282	U40	1
U226	U156	1
U423	U544	1
U109	U5	1
U544	U218	1
U3	U39	1
U40	U282	1
U41	U109	1
U544	U423	1
U5	U432	1
U41	U458	1
U3	U324	1
U282	U40	1
U302	U1233	1
U5	U109	1
U735	U33	1
U6	U611	1
U167	U431	1
U266	U636	1
U6	U70	1
U167	U431	1
U6	U40	1
U458	U41	1
U6	U114	1
U6	U131	1
U167	U118	1
U431	U167	1
U1209	U1036	1
U458	U41	1
U174	U324	1
U39	U199	1
U6	U25	1
U3	U324	1
U174	U324	1
U544	U12	1
U161	U328	1
U1209	U133	1
U3	U39	1
U431	U167	1
U6	U853	1
U6	U156	1
U431	U167	1
U6	U681	1
U282	U40	1
U6	U588	1
U6	U139	1
U6	U215	1
U109	U41	1
U6	U281	1
U167	U431	1
U6	U337	1
U6	U219	1
U8	U299	1
U6	U781	1
U6	U132	1
U3	U43	1
U3	U39	1
U3	U324	1
U6	U265	1
U598	U308	1
U263	U633	1
U113	U110	1
U66	U141	1
U850	U809	1
U66	U1026	1
U518	U6	1
U29	U58	1
U833	U33	1
U58	U29	1
U136	U29	1
U279	U35	1
U444	U14	1
U518	U22	1
U371	U136	1
U136	U371	1
U166	U352	1
U66	U29	1
U371	U136	1
U136	U652	1
U29	U265	1
U66	U419	1
U66	U57	1
U66	U473	1
U66	U226	1
U66	U141	1
U66	U226	1
U139	U29	1
U66	U263	1
U66	U226	1
U113	U58	1
U263	U120	1
U22	U931	1
U352	U166	1
U156	U6	1
U66	U22	1
U66	U226	1
U66	U141	1
U147	U380	1
U147	U103	1
U141	U302	1
U66	U141	1
U136	U110	1
U66	U29	1
U371	U133	1
U265	U29	1
U29	U265	1
U118	U167	1
U66	U469	1
U522	U428	1
U107	U10	1
U25	U392	1
U694	U22	1
U544	U218	1
U744	U39	1
U218	U544	1
U65	U308	1
U166	U328	1
U257	U302	1
U396	U371	1
U69	U1116	1
U66	U226	1
U78	U56	1
U161	U402	1
U56	U78	1
U81	U274	1
U174	U509	1
U251	U717	1
U22	U1128	1
U133	U167	1
U29	U139	1
U371	U396	1
U265	U29	1
U66	U43	1
U29	U58	1
U29	U210	1
U66	U29	1
U29	U37	1
U29	U58	1
U29	U73	1
U66	U24	1
U66	U110	1
U66	U486	1
U218	U544	1
U66	U469	1
U22	U144	1
U22	U694	1
U22	U148	1
U66	U469	1
U544	U439	1
U6	U309	1
U139	U49	1
U533	U585	1
U387	U70	1
U543	U32	1
U6	U785	1
U6	U1128	1
U3	U324	1
U6	U1276	1
U6	U1052	1
U15	U514	1
U6	U1319	1
U15	U514	1
U458	U41	1
U223	U13	1
U6	U1191	1
U10	U5	1
U6	U148	1
U328	U161	1
U543	U212	1
U6	U7	1
U6	U535	1
U6	U39	1
U6	U348	1
U255	U296	1
U6	U103	1
U3	U324	1
U543	U63	1
U1	U281	1
U222	U13	1
U25	U428	1
U6	U1062	1
U6	U895	1
U856	U533	1
U533	U224	1
U3	U337	1
U199	U39	1
U6	U508	1
U402	U125	1
U10	U5	1
U6	U424	1
U781	U105	1
U144	U154	1
U418	U125	1
U125	U39	1
U13	U223	1
U223	U13	1
U6	U652	1
U2	U299	1
U6	U750	1
U299	U8	1
U743	U13	1
U66	U263	1
U6	U57	1
U13	U743	1
U3	U324	1
U514	U15	1
U6	U1216	1
U418	U168	1
U41	U458	1
U514	U15	1
U15	U514	1
U41	U109	1
U6	U750	1
U543	U63	1
U6	U636	1
U10	U5	1
U387	U98	1
U6	U428	1
U6	U1058	1
U650	U298	1
U125	U99	1
U280	U102	1
U6	U386	1
U6	U33	1
U428	U533	1
U6	U93	1
U90	U6	1
U3	U43	1
U6	U19	1
U77	U58	1
U13	U222	1
U3	U324	1
U458	U41	1
U282	U40	1
U282	U40	1
U174	U1176	1
U555	U428	1
U39	U199	1
U611	U82	1
U3	U324	1
U222	U13	1
U3	U324	1
U82	U611	1
U90	U193	1
U6	U25	1
U3	U282	1
U6	U614	1
U3	U39	1
U167	U244	1
U90	U6	1
U167	U133	1
U25	U6	1
U40	U282	1
U3	U24	1
U90	U78	1
U3	U39	1
U174	U324	1
U3	U324	1
U781	U105	1
U40	U282	1
U90	U6	1
U3	U43	1
U306	U205	1
U585	U533	1
U3	U324	1
U3	U39	1
U90	U156	1
U359	U33	1
U352	U166	1
U306	U324	1
U458	U41	1
U3	U43	1
U43	U98	1
U41	U458	1
U43	U125	1
U21	U270	1
U6	U12	1
U102	U280	1
U3	U324	1
U133	U353	1
U19	U7	1
U19	U229	1
U6	U180	1
U19	U546	1
U13	U223	1
U13	U222	1
U3	U282	1
U1001	U580	1
U428	U396	1
U282	U40	1
U199	U39	1
U214	U215	1
U222	U13	1
U6	U194	1
U6	U27	1
U40	U282	1
U40	U282	1
U306	U324	1
U215	U214	1
U27	U1128	1
U23	U428	1
U13	U222	1
U3	U43	1
U229	U19	1
U19	U401	1
U3	U282	1
U306	U324	1
U401	U19	1
U3	U324	1
U220	U367	1
U306	U650	1
U220	U539	1
U23	U113	1
U66	U226	1
U139	U49	1
U66	U263	1
U609	U89	1
U234	U424	1
U89	U609	1
U974	U432	1
U609	U89	1
U37	U29	1
U813	U104	1
U859	U44	1
U1169	U688	1
U859	U14	1
U136	U371	1
U549	U265	1
U13	U89	1
U89	U13	1
U101	U89	1
U101	U89	1
U89	U101	1
U13	U89	1
U89	U13	1
U688	U214	1
U666	U580	1
U255	U101	1
U37	U735	1
U242	U9	1
U234	U424	1
U128	U101	1
U9	U242	1
U101	U255	1
U375	U744	1
U46	U209	1
U242	U9	1
U9	U242	1
U375	U63	1
U735	U33	1
U46	U324	1
U255	U666	1
U242	U9	1
U46	U209	1
U9	U242	1
U49	U310	1
U2	U33	1
U101	U89	1
U46	U209	1
U101	U521	1
U89	U551	1
U6	U959	1
U6	U324	1
U895	U288	1
U1102	U640	1
U6	U104	1
U357	U282	1
U23	U113	1
U104	U6	1
U118	U6	1
U80	U508	1
U6	U299	1
U6	U104	1
U108	U209	1
U324	U391	1
U565	U54	1
U48	U89	1
U391	U324	1
U118	U428	1
U6	U380	1
U6	U268	1
U6	U268	1
U268	U46	1
U144	U63	1
U371	U136	1
U603	U136	1
U133	U371	1
U177	U536	1
U101	U269	1
U101	U20	1
U371	U396	1
U371	U133	1
U136	U603	1
U26	U9	1
U77	U112	1
U77	U270	1
U26	U498	1
U26	U9	1
U26	U498	1
U26	U9	1
U26	U9	1
U26	U9	1
U89	U13	1
U9	U242	1
U242	U9	1
U209	U46	1
U49	U139	1
U274	U112	1
U90	U158	1
U245	U345	1
U245	U817	1
U139	U49	1
U49	U139	1
U49	U139	1
U274	U81	1
U40	U282	1
U139	U49	1
U49	U139	1
U318	U272	1
U139	U49	1
U168	U556	1
U209	U23	1
U49	U139	1
U108	U209	1
U23	U209	1
U29	U218	1
U274	U270	1
U458	U89	1
U1	U281	1
U29	U248	1
U29	U58	1
U29	U139	1
U58	U29	1
U219	U362	1
U49	U139	1
U29	U37	1
U139	U49	1
U13	U27	1
U29	U58	1
U29	U210	1
U2	U207	1
U29	U73	1
U245	U101	1
U49	U139	1
U139	U49	1
U53	U58	1
U29	U58	1
U609	U89	1
U139	U49	1
U49	U139	1
U609	U89	1
U181	U101	1
U101	U181	1
U129	U14	1
U181	U101	1
U89	U609	1
U27	U13	1
U101	U181	1
U9	U242	1
U242	U9	1
U14	U129	1
U217	U688	1
U181	U101	1
U609	U89	1
U2	U33	1
U129	U14	1
U242	U9	1
U242	U476	1
U9	U242	1
U428	U118	1
U101	U181	1
U310	U49	1
U89	U609	1
U139	U49	1
U609	U89	1
U158	U99	1
U269	U101	1
U49	U139	1
U139	U29	1
U23	U104	1
U181	U101	1
U101	U181	1
U475	U157	1
U139	U49	1
U23	U209	1
U49	U310	1
U49	U139	1
U1062	U1201	1
U181	U101	1
U139	U49	1
U101	U181	1
U181	U101	1
U133	U371	1
U118	U428	1
U10	U107	1
U46	U209	1
U89	U13	1
U21	U270	1
U735	U33	1
U862	U124	1
U12	U544	1
U473	U298	1
U15	U240	1
U220	U367	1
U1169	U217	1
U348	U33	1
U104	U193	1
U193	U1035	1
U193	U274	1
U267	U118	1
U193	U556	1
U193	U1187	1
U193	U821	1
U164	U9	1
U298	U473	1
U174	U473	1
U18	U81	1
U1050	U203	1
U315	U56	1
U203	U1050	1
U308	U65	1
U1050	U34	1
U260	U341	1
U396	U371	1
U6	U156	1
U247	U1072	1
U1050	U203	1
U247	U881	1
U203	U1050	1
U549	U265	1
U247	U131	1
U108	U462	1
U298	U184	1
U7	U799	1
U174	U112	1
U18	U640	1
U426	U668	1
U1050	U34	1
U46	U324	1
U193	U104	1
U244	U57	1
U244	U14	1
U66	U540	1
U244	U752	1
U66	U29	1
U156	U226	1
U218	U29	1
U29	U58	1
U244	U181	1
U29	U136	1
U533	U428	1
U588	U750	1
U265	U549	1
U265	U549	1
U248	U533	1
U133	U371	1
U66	U141	1
U371	U133	1
U29	U66	1
U244	U133	1
U244	U181	1
U133	U244	1
U46	U428	1
U7	U19	1
U33	U735	1
U33	U833	1
U82	U611	1
U245	U817	1
U112	U31	1
U99	U125	1
U99	U88	1
U361	U374	1
U108	U462	1
U646	U61	1
U108	U19	1
U270	U21	1
U270	U274	1
U817	U245	1
U49	U139	1
U950	U309	1
U133	U79	1
U13	U1127	1
U328	U166	1
U90	U78	1
U90	U193	1
U265	U549	1
U1	U150	1
U12	U962	1
U98	U209	1
U551	U89	1
U694	U101	1
U694	U22	1
U694	U101	1
U118	U167	1
U203	U1050	1
U46	U209	1
U46	U268	1
U543	U735	1
U57	U244	1
U108	U209	1
U120	U263	1
U98	U43	1
U108	U209	1
U133	U167	1
U962	U12	1
U13	U89	1
U128	U43	1
U10	U403	1
U428	U533	1
U244	U133	1
U46	U209	1
U43	U98	1
U216	U299	1
U133	U9	1
U46	U209	1
U46	U209	1
U54	U565	1
U454	U172	1
U118	U59	1
U3	U245	1
U46	U209	1
U962	U12	1
U12	U544	1
U22	U694	1
U12	U962	1
U98	U21	1
U98	U21	1
U98	U428	1
U2	U290	1
U9	U210	1
U210	U29	1
U73	U29	1
U26	U101	1
U58	U113	1
U101	U20	1
U58	U29	1
U101	U694	1
U81	U652	1
U282	U357	1
U106	U55	1
U106	U55	1
U184	U298	1
U55	U214	1
U106	U55	1
U55	U106	1
U144	U22	1
U144	U63	1
U90	U156	1
U26	U9	1
U10	U329	1
U26	U9	1
U26	U9	1
U110	U113	1
U108	U209	1
U184	U650	1
U33	U735	1
U34	U1050	1
U20	U101	1
U167	U118	1
U167	U133	1
U167	U423	1
U88	U476	1
U167	U431	1
U88	U99	1
U167	U431	1
U58	U29	1
U26	U9	1
U666	U219	1
U26	U9	1
U26	U9	1
U26	U9	1
U6	U328	1
U1	U54	1
U6	U408	1
U160	U59	1
U203	U154	1
U396	U428	1
U1	U54	1
U1	U112	1
U1	U73	1
U40	U788	1
U158	U154	1
U1	U112	1
U432	U5	1
U1	U54	1
U1	U112	1
U154	U158	1
U35	U652	1
U89	U9	1
U9	U89	1
U1	U112	1
U89	U9	1
U38	U7	1
U209	U27	1
U1	U54	1
U39	U102	1
U788	U40	1
U1	U112	1
U608	U269	1
U209	U27	1
U33	U286	1
U421	U112	1
U215	U9	1
U39	U102	1
U144	U13	1
U144	U154	1
U27	U209	1
U396	U180	1
U184	U652	1
U56	U508	1
U53	U58	1
U56	U652	1
U156	U226	1
U1	U73	1
U1	U54	1
U44	U124	1
U1	U112	1
U1	U788	1
U144	U154	1
U1	U73	1
U633	U180	1
U154	U203	1
U1	U171	1
U1	U54	1
U109	U188	1
U374	U88	1
U41	U109	1
U1	U171	1
U1	U73	1
U40	U788	1
U1	U54	1
U1	U171	1
U1	U73	1
U490	U598	1
U23	U33	1
U1	U171	1
U109	U41	1
U131	U247	1
U109	U41	1
U306	U203	1
U308	U41	1
U308	U598	1
U5	U432	1
U308	U598	1
U89	U9	1
U1285	U219	1
U790	U652	1
U41	U109	1
U112	U303	1
U306	U7	1
U1	U788	1
U1	U171	1
U46	U7	1
U1	U73	1
U303	U112	1
U1	U54	1
U308	U41	1
U1	U171	1
U788	U40	1
U1	U73	1
U35	U652	1
U39	U260	1
U1	U73	1
U23	U113	1
U1	U73	1
U1	U54	1
U448	U185	1
U7	U9	1
U879	U114	1
U9	U7	1
U421	U5	1
U7	U9	1
U9	U7	1
U7	U9	1
U7	U9	1
U9	U7	1
U5	U432	1
U308	U7	1
U7	U219	1
U219	U7	1
U7	U38	1
U308	U7	1
U308	U7	1
U9	U7	1
U9	U7	1
U37	U29	1
U33	U133	1
U112	U303	1
U1	U54	1
U44	U310	1
U303	U112	1
U39	U222	1
U44	U310	1
U21	U98	1
U56	U308	1
U133	U33	1
U1319	U22	1
U310	U44	1
U144	U154	1
U222	U39	1
U56	U308	1
U144	U13	1
U421	U112	1
U603	U41	1
U38	U7	1
U1	U73	1
U260	U39	1
U1	U54	1
U27	U209	1
U652	U396	1
U535	U89	1
U112	U303	1
U365	U1278	1
U89	U551	1
U396	U652	1
U184	U652	1
U421	U112	1
U89	U535	1
U608	U648	1
U303	U112	1
U652	U184	1
U193	U70	1
U286	U33	1
U56	U652	1
U421	U112	1
U154	U158	1
U1	U54	1
U1	U54	1
U41	U33	1
U1	U73	1
U421	U112	1
U7	U38	1
U38	U7	1
U396	U652	1
U464	U267	1
U1	U73	1
U421	U112	1
U27	U209	1
U1	U54	1
U7	U38	1
U209	U27	1
U421	U112	1
U494	U193	1
U1	U54	1
U112	U303	1
U1	U73	1
U193	U494	1
U1	U73	1
U652	U396	1
U396	U652	1
U518	U22	1
U44	U214	1
U490	U81	1
U490	U65	1
U112	U672	1
U112	U303	1
U143	U909	1
U133	U171	1
U90	U158	1
U33	U37	1
U219	U102	1
U33	U41	1
U171	U133	1
U33	U359	1
U1285	U219	1
U90	U158	1
U672	U76	1
U40	U359	1
U192	U56	1
U672	U979	1
U112	U102	1
U476	U424	1
U33	U648	1
U5	U102	1
U102	U112	1
U102	U219	1
U168	U267	1
U168	U837	1
U303	U112	1
U168	U1061	1
U90	U158	1
U168	U353	1
U102	U80	1
U18	U12	1
U102	U5	1
U18	U108	1
U59	U118	1
U59	U103	1
U80	U102	1
U109	U41	1
U171	U33	1
U33	U171	1
U112	U102	1
U5	U102	1
U102	U5	1
U296	U44	1
U102	U39	1
U648	U33	1
U275	U13	1
U5	U1241	1
U78	U408	1
U13	U147	1
U106	U147	1
U147	U13	1
U147	U106	1
U143	U54	1
U13	U147	1
U46	U494	1
U27	U209	1
U147	U13	1
U7	U38	1
U13	U147	1
U147	U13	1
U66	U269	1
U38	U7	1
U38	U7	1
U88	U476	1
U7	U38	1
U90	U5	1
U90	U158	1
U603	U41	1
U31	U112	1
U33	U112	1
U5	U432	1
U90	U158	1
U5	U293	1
U408	U78	1
U102	U112	1
U112	U102	1
U102	U112	1
U31	U112	1
U965	U970	1
U90	U5	1
U112	U102	1
U46	U428	1
U90	U158	1
U112	U33	1
U90	U193	1
U33	U180	1
U90	U156	1
U285	U940	1
U144	U13	1
U144	U22	1
U22	U1319	1
U1	U171	1
U245	U817	1
U421	U112	1
U1	U73	1
U166	U352	1
U144	U13	1
U226	U156	1
U1	U73	1
U1	U73	1
U73	U29	1
U1	U264	1
U112	U303	1
U88	U107	1
U107	U88	1
U88	U107	1
U1	U171	1
U1	U788	1
U1	U171	1
U166	U328	1
U76	U150	1
U154	U508	1
U1	U264	1
U35	U279	1
U144	U13	1
U33	U41	1
U1	U73	1
U13	U144	1
U58	U29	1
U490	U652	1
U1	U171	1
U1	U73	1
U144	U13	1
U1	U171	1
U328	U166	1
U432	U5	1
U154	U207	1
U41	U109	1
U421	U112	1
U1	U171	1
U280	U55	1
U1	U73	1
U3	U51	1
U107	U88	1
U1	U264	1
U144	U13	1
U144	U13	1
U148	U22	1
U22	U148	1
U145	U158	1
U413	U284	1
U374	U361	1
U144	U22	1
U144	U13	1
U5	U102	1
U13	U22	1
U22	U13	1
U158	U70	1
U13	U22	1
U144	U22	1
U144	U13	1
U22	U13	1
U145	U56	1
U90	U158	1
U80	U102	1
U22	U144	1
U490	U652	1
U22	U148	1
U148	U22	1
U29	U58	1
U88	U107	1
U41	U33	1
U41	U603	1
U1	U264	1
U107	U88	1
U1	U171	1
U107	U88	1
U88	U107	1
U144	U13	1
U88	U374	1
U1	U171	1
U1	U73	1
U788	U40	1
U118	U59	1
U551	U1070	1
U145	U158	1
U144	U13	1
U3	U51	1
U144	U22	1
U310	U44	1
U76	U672	1
U35	U9	1
U125	U39	1
U39	U125	1
U127	U85	1
U274	U112	1
U9	U164	1
U274	U81	1
U303	U112	1
U274	U270	1
U125	U39	1
U35	U477	1
U112	U303	1
U80	U102	1
U45	U93	1
U102	U39	1
U411	U209	1
U39	U102	1
U102	U80	1
U303	U112	1
U75	U102	1
U112	U274	1
U125	U99	1
U102	U75	1
U99	U125	1
U224	U533	1
U38	U164	1
U38	U39	1
U215	U633	1
U38	U23	1
U38	U380	1
U38	U71	1
U744	U375	1
U477	U35	1
U10	U5	1
U7	U35	1
U106	U237	1
U458	U37	1
U145	U75	1
U102	U75	1
U82	U155	1
U102	U39	1
U113	U23	1
U112	U477	1
U35	U7	1
U10	U5	1
U1	U54	1
U102	U80	1
U26	U9	1
U550	U44	1
U9	U7	1
U7	U35	1
U44	U6	1
U24	U33	1
U9	U7	1
U35	U7	1
U79	U750	1
U7	U35	1
U174	U1128	1
U44	U550	1
U7	U308	1
U557	U7	1
U341	U260	1
U155	U82	1
U80	U440	1
U1	U73	1
U636	U89	1
U39	U102	1
U9	U7	1
U112	U672	1
U155	U82	1
U1	U54	1
U477	U35	1
U7	U35	1
U270	U9	1
U26	U10	1
U24	U524	1
U82	U155	1
U35	U7	1
U1	U73	1
U9	U7	1
U44	U550	1
U26	U9	1
U125	U99	1
U80	U102	1
U9	U7	1
U112	U303	1
U56	U308	1
U35	U477	1
U10	U80	1
U10	U5	1
U223	U13	1
U585	U533	1
U44	U296	1
U13	U222	1
U6	U44	1
U13	U223	1
U186	U80	1
U6	U103	1
U186	U247	1
U280	U102	1
U13	U223	1
U223	U13	1
U24	U524	1
U31	U112	1
U66	U57	1
U306	U7	1
U1	U150	1
U223	U13	1
U280	U102	1
U6	U85	1
U340	U386	1
U6	U383	1
U365	U1278	1
U6	U336	1
U299	U37	1
U280	U102	1
U10	U80	1
U13	U223	1
U632	U212	1
U6	U357	1
U6	U585	1
U6	U334	1
U6	U212	1
U58	U29	1
U280	U102	1
U6	U321	1
U109	U41	1
U306	U1276	1
U40	U282	1
U6	U730	1
U879	U114	1
U306	U324	1
U1	U54	1
U280	U131	1
U61	U607	1
U122	U288	1
U52	U269	1
U61	U102	1
U61	U102	1
U269	U1128	1
U284	U413	1
U38	U39	1
U82	U155	1
U56	U508	1
U88	U374	1
U302	U141	1
U40	U282	1
U39	U38	1
U39	U125	1
U358	U194	1
U302	U257	1
U155	U82	1
U13	U89	1
U46	U308	1
U1	U73	1
U188	U109	1
U46	U821	1
U10	U153	1
U282	U40	1
U296	U44	1
U633	U215	1
U10	U103	1
U61	U102	1
U10	U103	1
U61	U102	1
U38	U39	1
U103	U10	1
U103	U10	1
U88	U99	1
U61	U102	1
U712	U155	1
U10	U103	1
U103	U147	1
U61	U102	1
U103	U10	1
U61	U102	1
U61	U102	1
U321	U209	1
U172	U454	1
U550	U229	1
U39	U640	1
U214	U612	1
U214	U44	1
U80	U114	1
U1	U6	1
U6	U229	1
U210	U29	1
U1	U6	1
U237	U210	1
U1	U54	1
U89	U535	1
U161	U229	1
U161	U255	1
U237	U184	1
U1	U54	1
U184	U237	1
U640	U39	1
U5	U10	1
U477	U877	1
U214	U107	1
U1	U54	1
U9	U35	1
U217	U229	1
U35	U9	1
U550	U229	1
U255	U214	1
U35	U477	1
U550	U214	1
U1	U54	1
U214	U255	1
U255	U229	1
U255	U214	1
U1	U54	1
U9	U210	1
U214	U255	1
U477	U35	1
U255	U214	1
U255	U161	1
U9	U396	1
U229	U671	1
U237	U184	1
U10	U5	1
U161	U509	1
U10	U103	1
U6	U209	1
U6	U21	1
U1	U281	1
U6	U409	1
U1	U54	1
U6	U55	1
U193	U494	1
U6	U164	1
U6	U71	1
U44	U859	1
U6	U209	1
U1	U54	1
U454	U172	1
U44	U310	1
U931	U579	1
U44	U296	1
U102	U39	1
U54	U565	1
U1	U54	1
U6	U1013	1
U652	U396	1
U6	U112	1
U35	U7	1
U103	U59	1
U10	U35	1
U184	U106	1
U35	U9	1
U750	U58	1
U161	U328	1
U1	U54	1
U37	U458	1
U35	U9	1
U6	U171	1
U133	U33	1
U1	U6	1
U6	U308	1
U6	U44	1
U1	U54	1
U6	U13	1
U6	U633	1
U6	U282	1
U229	U217	1
U133	U371	1
U293	U834	1
U144	U154	1
U215	U214	1
U1	U73	1
U89	U636	1
U477	U35	1
U533	U822	1
U35	U9	1
U39	U546	1
U533	U1177	1
U1	U150	1
U440	U80	1
U1	U54	1
U533	U585	1
U35	U9	1
U672	U76	1
U1	U537	1
U303	U112	1
U218	U821	1
U533	U172	1
U192	U23	1
U192	U114	1
U229	U550	1
U82	U155	1
U35	U9	1
U533	U610	1
U79	U76	1
U533	U428	1
U9	U35	1
U533	U146	1
U533	U248	1
U79	U214	1
U533	U725	1
U99	U125	1
U1	U54	1
U35	U9	1
U533	U288	1
U35	U477	1
U9	U35	1
U533	U856	1
U808	U212	1
U9	U35	1
U608	U401	1
U1	U73	1
U1	U54	1
U209	U411	1
U35	U477	1
U636	U89	1
U270	U21	1
U533	U224	1
U808	U968	1
U280	U183	1
U150	U76	1
U35	U9	1
U79	U570	1
U477	U35	1
U255	U1216	1
U209	U321	1
U9	U35	1
U35	U9	1
U9	U35	1
U229	U255	1
U35	U9	1
U550	U229	1
U9	U35	1
U260	U341	1
U1	U73	1
U579	U931	1
U1	U73	1
U490	U81	1
U1	U537	1
U9	U35	1
U35	U9	1
U229	U550	1
U353	U133	1
U533	U823	1
U1	U537	1
U461	U59	1
U672	U112	1
U533	U1330	1
U1	U537	1
U39	U539	1
U1	U537	1
U35	U9	1
U30	U85	1
U30	U85	1
U123	U24	1
U306	U245	1
U306	U685	1
U141	U20	1
U123	U19	1
U20	U141	1
U543	U735	1
U123	U156	1
U44	U217	1
U30	U248	1
U85	U30	1
U178	U219	1
U6	U39	1
U123	U226	1
U123	U37	1
U137	U21	1
U306	U650	1
U156	U123	1
U226	U123	1
U37	U123	1
U141	U20	1
U20	U141	1
U30	U85	1
U20	U141	1
U234	U149	1
U5	U25	1
U1031	U429	1
U130	U41	1
U306	U45	1
U151	U41	1
U20	U141	1
U85	U188	1
U199	U39	1
U289	U324	1
U189	U151	1
U141	U20	1
U151	U189	1
U289	U79	1
U20	U141	1
U20	U1026	1
U289	U135	1
U234	U149	1
U141	U20	1
U113	U23	1
U234	U517	1
U424	U437	1
U744	U324	1
U302	U257	1
U139	U371	1
U5	U25	1
U25	U5	1
U5	U25	1
U39	U89	1
U25	U5	1
U5	U25	1
U30	U14	1
U89	U39	1
U39	U89	1
U9	U182	1
U174	U210	1
U9	U130	1
U30	U115	1
U39	U199	1
U115	U30	1
U9	U130	1
U9	U130	1
U30	U8	1
U8	U172	1
U141	U20	1
U8	U30	1
U280	U235	1
U9	U130	1
U30	U85	1
U115	U30	1
U543	U515	1
U85	U30	1
U30	U115	1
U48	U32	1
U30	U85	1
U25	U5	1
U5	U25	1
U5	U25	1
U188	U695	1
U25	U5	1
U5	U25	1
U30	U115	1
U25	U5	1
U25	U5	1
U5	U25	1
U8	U585	1
U25	U5	1
U5	U25	1
U81	U308	1
U118	U248	1
U543	U735	1
U543	U227	1
U30	U115	1
U5	U25	1
U41	U130	1
U27	U13	1
U30	U33	1
U66	U236	1
U51	U8	1
U13	U379	1
U13	U791	1
U672	U76	1
U13	U27	1
U13	U184	1
U672	U5	1
U13	U223	1
U49	U193	1
U193	U49	1
U49	U193	1
U158	U660	1
U583	U269	1
U193	U49	1
U193	U8	1
U8	U275	1
U8	U659	1
U145	U158	1
U145	U11	1
U379	U13	1
U66	U1	1
U66	U248	1
U421	U179	1
U76	U672	1
U27	U13	1
U30	U115	1
U30	U49	1
U30	U1311	1
U18	U123	1
U27	U13	1
U821	U193	1
U650	U306	1
U270	U604	1
U13	U27	1
U781	U105	1
U10	U150	1
U27	U13	1
U13	U27	1
U309	U950	1
U255	U296	1
U13	U27	1
U585	U8	1
U417	U30	1
U421	U5	1
U89	U39	1
U11	U401	1
U717	U251	1
U781	U105	1
U105	U781	1
U790	U622	1
U20	U141	1
U156	U226	1
U141	U20	1
U20	U141	1
U503	U106	1
U503	U533	1
U130	U156	1
U122	U640	1
U156	U123	1
U156	U130	1
U156	U109	1
U141	U20	1
U2	U33	1
U37	U381	1
U133	U353	1
U12	U381	1
U130	U156	1
U130	U41	1
U41	U130	1
U130	U41	1
U30	U59	1
U41	U130	1
U274	U229	1
U130	U41	1
U156	U130	1
U257	U302	1
U790	U622	1
U157	U218	1
U193	U821	1
U791	U13	1
U157	U76	1
U158	U55	1
U108	U209	1
U521	U380	1
U108	U209	1
U209	U108	1
U241	U239	1
U108	U209	1
U55	U108	1
U55	U517	1
U108	U55	1
U108	U209	1
U218	U15	1
U19	U73	1
U19	U1052	1
U15	U218	1
U19	U123	1
U15	U218	1
U108	U55	1
U115	U30	1
U174	U80	1
U137	U526	1
U447	U796	1
U948	U168	1
U114	U80	1
U61	U544	1
U168	U948	1
U796	U447	1
U517	U304	1
U544	U12	1
U80	U114	1
U271	U17	1
U396	U214	1
U401	U1	1
U296	U255	1
U168	U682	1
U168	U682	1
U168	U682	1
U61	U544	1
U61	U544	1
U214	U396	1
U12	U948	1
U796	U447	1
U223	U13	1
U447	U796	1
U796	U447	1
U248	U29	1
U248	U14	1
U136	U110	1
U61	U239	1
U80	U114	1
U90	U75	1
U61	U239	1
U608	U796	1
U61	U217	1
U248	U457	1
U14	U423	1
U160	U21	1
U61	U636	1
U184	U13	1
U168	U1095	1
U61	U239	1
U214	U396	1
U447	U796	1
U80	U114	1
U90	U75	1
U80	U114	1
U61	U239	1
U796	U447	1
U796	U317	1
U220	U367	1
U223	U13	1
U174	U80	1
U223	U13	1
U174	U210	1
U359	U33	1
U174	U80	1
U35	U14	1
U160	U21	1
U61	U101	1
U160	U21	1
U174	U80	1
U234	U396	1
U80	U114	1
U13	U223	1
U80	U114	1
U223	U13	1
U174	U80	1
U114	U80	1
U13	U223	1
U21	U160	1
U23	U209	1
U18	U81	1
U35	U14	1
U114	U80	1
U165	U133	1
U13	U223	1
U114	U80	1
U76	U157	1
U21	U160	1
U160	U21	1
U106	U147	1
U9	U205	1
U61	U102	1
U158	U99	1
U13	U223	1
U796	U25	1
U61	U324	1
U9	U205	1
U9	U205	1
U223	U13	1
U61	U535	1
U13	U223	1
U9	U205	1
U223	U13	1
U44	U8	1
U80	U114	1
U61	U948	1
U21	U160	1
U313	U244	1
U608	U359	1
U61	U235	1
U182	U214	1
U608	U549	1
U182	U507	1
U115	U30	1
U6	U30	1
U14	U12	1
U6	U99	1
U517	U55	1
U14	U429	1
U156	U1046	1
U199	U129	1
U14	U423	1
U12	U14	1
U423	U14	1
U12	U544	1
U158	U99	1
U115	U1243	1
U150	U10	1
U6	U58	1
U423	U14	1
U244	U428	1
U14	U423	1
U298	U125	1
U423	U14	1
U14	U423	1
U14	U423	1
U164	U205	1
U217	U44	1
U217	U515	1
U107	U396	1
U217	U836	1
U138	U433	1
U30	U302	1
U30	U115	1
U218	U21	1
U30	U8	1
U115	U30	1
U302	U30	1
U164	U205	1
U30	U188	1
U8	U259	1
U30	U302	1
U30	U115	1
U89	U551	1
U115	U30	1
U8	U51	1
U149	U338	1
U138	U235	1
U14	U12	1
U30	U115	1
U8	U85	1
U182	U1245	1
U177	U1243	1
U423	U14	1
U226	U156	1
U269	U948	1
U165	U58	1
U948	U269	1
U14	U423	1
U423	U14	1
U269	U948	1
U48	U27	1
U182	U214	1
U14	U423	1
U423	U14	1
U48	U27	1
U269	U583	1
U948	U269	1
U48	U27	1
U423	U14	1
U5	U239	1
U220	U61	1
U5	U432	1
U220	U61	1
U125	U99	1
U182	U229	1
U58	U165	1
U129	U14	1
U608	U549	1
U608	U359	1
U160	U21	1
U14	U423	1
U5	U239	1
U423	U14	1
U27	U13	1
U14	U129	1
U14	U423	1
U85	U8	1
U239	U5	1
U125	U298	1
U14	U423	1
U608	U359	1
U58	U165	1
U269	U948	1
U423	U14	1
U129	U14	1
U490	U622	1
U948	U269	1
U14	U423	1
U129	U199	1
U48	U551	1
U423	U14	1
U269	U327	1
U394	U223	1
U281	U21	1
U148	U24	1
U30	U260	1
U338	U101	1
U106	U113	1
U260	U30	1
U106	U29	1
U44	U217	1
U174	U175	1
U24	U129	1
U101	U583	1
U402	U125	1
U24	U148	1
U30	U260	1
U101	U45	1
U101	U338	1
U260	U30	1
U24	U123	1
U30	U260	1
U30	U186	1
U260	U30	1
U237	U15	1
U237	U45	1
U220	U130	1
U33	U383	1
U33	U30	1
U30	U33	1
U477	U35	1
U317	U203	1
U317	U203	1
U494	U71	1
U583	U101	1
U218	U30	1
U218	U157	1
U218	U29	1
U218	U21	1
U200	U141	1
U30	U260	1
U209	U27	1
U583	U101	1
U217	U44	1
U144	U8	1
U203	U317	1
U45	U101	1
U144	U30	1
U672	U76	1
U181	U57	1
U30	U260	1
U2	U317	1
U213	U622	1
U51	U8	1
U260	U30	1
U51	U8	1
U30	U55	1
U592	U29	1
U361	U517	1
U8	U51	1
U58	U29	1
U58	U29	1
U144	U30	1
U8	U361	1
U421	U61	1
U30	U101	1
U8	U113	1
U30	U33	1
U421	U30	1
U29	U592	1
U29	U182	1
U51	U8	1
U744	U38	1
U29	U248	1
U29	U210	1
U14	U334	1
U239	U104	1
U144	U30	1
U217	U266	1
U30	U101	1
U592	U101	1
U383	U33	1
U1	U281	1
U260	U157	1
U8	U51	1
U338	U101	1
U213	U22	1
U30	U260	1
U245	U221	1
U45	U101	1
U144	U30	1
U592	U14	1
U99	U158	1
U11	U129	1
U11	U18	1
U45	U101	1
U144	U30	1
U592	U101	1
U101	U592	1
U26	U327	1
U592	U101	1
U101	U592	1
U101	U30	1
U101	U45	1
U203	U317	1
U266	U217	1
U296	U255	1
U66	U948	1
U2	U7	1
U106	U113	1
U66	U53	1
U66	U269	1
U30	U55	1
U204	U291	1
U30	U218	1
U66	U1	1
U7	U219	1
U13	U791	1
U241	U18	1
U269	U99	1
U77	U129	1
U77	U30	1
U35	U317	1
U27	U93	1
U35	U795	1
U56	U1265	1
U269	U327	1
U53	U137	1
U150	U10	1
U255	U296	1
U178	U219	1
U611	U33	1
U2	U455	1
U214	U104	1
U329	U10	1
U2	U141	1
U2	U455	1
U158	U99	1
U2	U511	1
U2	U1046	1
U329	U1	1
U2	U455	1
U75	U14	1
U158	U99	1
U2	U239	1
U2	U1043	1
U2	U455	1
U106	U878	1
U158	U99	1
U2	U178	1
U181	U53	1
U306	U424	1
U306	U424	1
U2	U1311	1
U158	U99	1
U421	U30	1
U862	U124	1
U26	U53	1
U49	U129	1
U49	U193	1
U21	U218	1
U21	U281	1
U66	U29	1
U66	U1	1
U37	U29	1
U35	U477	1
U219	U7	1
U304	U118	1
U55	U30	1
U125	U298	1
U217	U784	1
U878	U17	1
U528	U14	1
U306	U45	1
U298	U18	1
U878	U217	1
U217	U878	1
U317	U203	1
U24	U148	1
U298	U125	1
U203	U317	1
U424	U129	1
U526	U129	1
U608	U549	1
U27	U209	1
U53	U629	1
U98	U240	1
U98	U43	1
U2	U317	1
U178	U219	1
U203	U653	1
U334	U14	1
U178	U203	1
U608	U401	1
U178	U219	1
U176	U397	1
U113	U8	1
U113	U106	1
U178	U219	1
U178	U184	1
U1031	U429	1
U178	U219	1
U178	U203	1
U178	U219	1
U178	U203	1
U178	U219	1
U49	U30	1
U8	U51	1
U120	U18	1
U18	U182	1
U18	U730	1
U18	U157	1
U18	U974	1
U83	U394	1
U18	U426	1
U423	U30	1
U18	U865	1
U18	U179	1
U18	U133	1
U18	U168	1
U18	U120	1
U27	U13	1
U13	U394	1
U30	U239	1
U30	U51	1
U239	U30	1
U18	U281	1
U18	U125	1
U18	U716	1
U394	U13	1
U18	U30	1
U18	U30	1
U182	U29	1
U99	U158	1
U429	U14	1
U18	U182	1
U14	U592	1
U592	U14	1
U14	U592	1
U592	U14	1
U144	U30	1
U39	U89	1
U14	U592	1
U974	U18	1
U30	U423	1
U125	U298	1
U189	U511	1
U592	U14	1
U182	U508	1
U90	U158	1
U37	U582	1
U240	U5	1
U240	U15	1
U240	U98	1
U328	U309	1
U240	U425	1
U237	U45	1
U13	U394	1
U18	U298	1
U13	U27	1
U49	U30	1
U13	U27	1
U394	U13	1
U30	U49	1
U18	U241	1
U18	U304	1
U49	U30	1
U30	U239	1
U18	U107	1
U239	U590	1
U13	U394	1
U18	U112	1
U30	U49	1
U30	U49	1
U18	U139	1
U27	U13	1
U13	U394	1
U49	U30	1
U13	U27	1
U18	U105	1
U30	U49	1
U394	U13	1
U18	U272	1
U237	U269	1
U394	U83	1
U394	U13	1
U18	U139	1
U18	U302	1
U394	U13	1
U27	U13	1
U30	U239	1
U18	U524	1
U13	U394	1
U18	U739	1
U423	U30	1
U18	U281	1
U239	U30	1
U18	U11	1
U27	U13	1
U30	U423	1
U182	U33	1
U394	U13	1
U239	U30	1
U18	U509	1
U13	U27	1
U13	U394	1
U30	U49	1
U30	U239	1
U557	U7	1
U51	U30	1
U592	U14	1
U281	U21	1
U8	U51	1
U29	U58	1
U29	U58	1
U237	U15	1
U739	U18	1
U172	U8	1
U29	U58	1
U29	U106	1
U14	U334	1
U29	U139	1
U51	U8	1
U14	U528	1
U592	U29	1
U8	U585	1
U8	U51	1
U8	U193	1
U129	U424	1
U129	U49	1
U129	U24	1
U129	U11	1
U281	U1	1
U129	U114	1
U172	U454	1
U380	U521	1
U225	U40	1
U29	U852	1
U144	U30	1
U120	U308	1
U29	U37	1
U14	U334	1
U113	U106	1
U208	U65	1
U247	U131	1
U334	U14	1
U334	U14	1
U334	U457	1
U178	U266	1
U380	U521	1
U178	U219	1
U51	U8	1
U29	U66	1
U161	U396	1
U281	U209	1
U14	U334	1
U29	U218	1
U457	U334	1
U85	U30	1
U29	U73	1
U129	U51	1
U306	U650	1
U30	U218	1
U528	U14	1
U1278	U365	1
U30	U51	1
U327	U269	1
U30	U18	1
U30	U423	1
U592	U14	1
U610	U533	1
U81	U269	1
U30	U218	1
U429	U14	1
U14	U592	1
U429	U14	1
U285	U56	1
U81	U18	1
U592	U14	1
U14	U592	1
U592	U14	1
U14	U592	1
U14	U429	1
U429	U1031	1
U14	U429	1
U716	U18	1
U30	U85	1
U22	U1311	1
U193	U49	1
U90	U158	1
U334	U14	1
U65	U208	1
U174	U429	1
U27	U209	1
U158	U99	1
U1	U401	1
U1	U281	1
U454	U172	1
U304	U18	1
U242	U476	1
U144	U30	1
U21	U137	1
U205	U164	1
U205	U164	1
U21	U218	1
U21	U160	1
U791	U13	1
U208	U65	1
U203	U22	1
U22	U203	1
U509	U18	1
U160	U21	1
U1	U54	1
U14	U23	1
U1	U171	1
U157	U98	1
U35	U10	1
U205	U164	1
U205	U164	1
U108	U209	1
U722	U82	1
U10	U242	1
U164	U71	1
U242	U10	1
U164	U205	1
U242	U10	1
U82	U722	1
U10	U242	1
U171	U1	1
U26	U10	1
U171	U1	1
U157	U33	1
U242	U10	1
U10	U242	1
U557	U33	1
U533	U288	1
U82	U722	1
U131	U247	1
U171	U1	1
U12	U304	1
U114	U7	1
U143	U244	1
U304	U82	1
U479	U236	1
U304	U12	1
U244	U143	1
U12	U304	1
U10	U1082	1
U650	U184	1
U13	U590	1
U589	U135	1
U157	U1128	1
U12	U304	1
U270	U274	1
U1	U171	1
U304	U12	1
U2	U308	1
U244	U313	1
U143	U104	1
U2	U308	1
U2	U308	1
U304	U12	1
U242	U10	1
U244	U109	1
U244	U428	1
U8	U962	1
U157	U101	1
U99	U125	1
U125	U99	1
U237	U530	1
U245	U101	1
U125	U43	1
U8	U79	1
U1	U171	1
U171	U1	1
U58	U224	1
U1	U171	1
U12	U962	1
U1	U171	1
U157	U556	1
U8	U21	1
U157	U51	1
U171	U1	1
U8	U51	1
U1	U548	1
U81	U308	1
U255	U296	1
U171	U1	1
U244	U143	1
U8	U85	1
U58	U113	1
U557	U7	1
U109	U5	1
U10	U242	1
U557	U977	1
U1	U171	1
U242	U10	1
U1	U79	1
U10	U242	1
U735	U33	1
U186	U247	1
U125	U99	1
U171	U1	1
U557	U40	1
U242	U9	1
U557	U7	1
U125	U99	1
U71	U494	1
U106	U515	1
U10	U150	1
U125	U402	1
U99	U125	1
U1	U171	1
U242	U10	1
U1	U171	1
U82	U304	1
U108	U209	1
U20	U101	1
U21	U160	1
U66	U101	1
U44	U94	1
U63	U375	1
U44	U437	1
U160	U21	1
U19	U461	1
U66	U101	1
U19	U105	1
U120	U308	1
U139	U49	1
U685	U1247	1
U39	U180	1
U19	U214	1
U71	U164	1
U21	U160	1
U49	U139	1
U19	U461	1
U685	U553	1
U49	U444	1
U44	U94	1
U237	U184	1
U110	U136	1
U66	U101	1
U310	U49	1
U852	U29	1
U101	U236	1
U58	U113	1
U144	U63	1
U76	U672	1
U2	U236	1
U139	U49	1
U19	U580	1
U19	U105	1
U143	U63	1
U19	U461	1
U144	U63	1
U49	U139	1
U461	U535	1
U791	U13	1
U113	U110	1
U219	U69	1
U110	U17	1
U113	U58	1
U66	U248	1
U160	U21	1
U110	U113	1
U685	U1076	1
U437	U44	1
U2	U10	1
U58	U104	1
U104	U58	1
U66	U212	1
U431	U82	1
U551	U1070	1
U58	U6	1
U82	U431	1
U46	U93	1
U821	U193	1
U551	U89	1
U58	U104	1
U104	U143	1
U104	U143	1
U143	U647	1
U304	U517	1
U580	U666	1
U180	U39	1
U143	U104	1
U104	U143	1
U143	U104	1
U104	U143	1
U143	U104	1
U66	U226	1
U444	U209	1
U104	U58	1
U63	U143	1
U744	U375	1
U19	U955	1
U101	U81	1
U101	U157	1
U101	U20	1
U160	U21	1
U19	U6	1
U99	U125	1
U304	U82	1
U1285	U219	1
U237	U81	1
U647	U143	1
U21	U160	1
U270	U752	1
U81	U101	1
U160	U21	1
U58	U113	1
U104	U58	1
U58	U104	1
U104	U58	1
U51	U8	1
U160	U21	1
U106	U147	1
U396	U371	1
U345	U245	1
U49	U139	1
U371	U136	1
U8	U51	1
U139	U49	1
U143	U408	1
U49	U139	1
U53	U58	1
U408	U143	1
U35	U477	1
U139	U49	1
U49	U139	1
U3	U565	1
U35	U652	1
U139	U49	1
U3	U245	1
U752	U244	1
U49	U139	1
U735	U37	1
U143	U408	1
U139	U49	1
U535	U640	1
U195	U224	1
U218	U29	1
U195	U21	1
U6	U58	1
U101	U160	1
U672	U13	1
U51	U8	1
U58	U6	1
U158	U99	1
U672	U13	1
U672	U76	1
U1	U401	1
U672	U112	1
U49	U139	1
U13	U672	1
U6	U473	1
U58	U6	1
U37	U29	1
U6	U58	1
U234	U338	1
U66	U29	1
U37	U735	1
U21	U195	1
U139	U49	1
U99	U158	1
U6	U58	1
U408	U143	1
U6	U88	1
U22	U213	1
U104	U143	1
U143	U408	1
U76	U79	1
U101	U245	1
U139	U49	1
U139	U29	1
U13	U93	1
U282	U357	1
U181	U57	1
U49	U139	1
U1	U281	1
U139	U49	1
U58	U29	1
U93	U13	1
U76	U672	1
U13	U791	1
U104	U813	1
U58	U224	1
U104	U23	1
U58	U29	1
U106	U29	1
U9	U210	1
U58	U29	1
U6	U35	1
U143	U104	1
U57	U181	1
U139	U49	1
U1	U329	1
U288	U895	1
U143	U408	1
U288	U533	1
U408	U143	1
U49	U139	1
U401	U25	1
U160	U101	1
U58	U224	1
U224	U58	1
U164	U521	1
U139	U101	1
U49	U139	1
U120	U101	1
U139	U49	1
U49	U139	1
U139	U49	1
U49	U139	1
U139	U49	1
U43	U128	1
U49	U139	1
U139	U49	1
U58	U6	1
U33	U735	1
U33	U348	1
U20	U101	1
U1	U171	1
U59	U461	1
U171	U1	1
U1	U171	1
U171	U1	1
U1	U171	1
U171	U1	1
U10	U35	1
U113	U23	1
U171	U1	1
U1	U171	1
U1	U171	1
U113	U58	1
U227	U590	1
U359	U33	1
U2	U33	1
U195	U224	1
U444	U49	1
U195	U21	1
U171	U1	1
U227	U157	1
U171	U1	1
U1	U79	1
U1	U171	1
U1	U171	1
U147	U106	1
U106	U147	1
U237	U308	1
U171	U1	1
U1	U171	1
U171	U1	1
U590	U227	1
U308	U81	1
U77	U270	1
U212	U632	1
U171	U1	1
U1	U171	1
U171	U1	1
U1	U171	1
U157	U227	1
U157	U475	1
U171	U1	1
U220	U367	1
U35	U10	1
U157	U227	1
U33	U359	1
U150	U10	1
U308	U120	1
U113	U110	1
U14	U248	1
U237	U45	1
U609	U39	1
U66	U226	1
U10	U150	1
U128	U43	1
U5	U672	1
U10	U35	1
U5	U109	1
U226	U156	1
U10	U107	1
U1	U171	1
U189	U511	1
U318	U272	1
U10	U329	1
U27	U209	1
U39	U609	1
U27	U11	1
U2	U33	1
U135	U589	1
U272	U318	1
U11	U27	1
U6	U58	1
U33	U359	1
U296	U255	1
U1	U171	1
U511	U189	1
U237	U473	1
U49	U310	1
U1	U281	1
U237	U106	1
U171	U1	1
U1	U171	1
U244	U752	1
U1	U171	1
U272	U318	1
U1	U171	1
U790	U65	1
U1	U171	1
U1	U171	1
U224	U195	1
U224	U58	1
U402	U161	1
U104	U143	1
U39	U38	1
U237	U217	1
U1	U171	1
U237	U106	1
U237	U56	1
U10	U35	1
U13	U791	1
U147	U106	1
U580	U58	1
U35	U239	1
U11	U239	1
U139	U49	1
U192	U23	1
U9	U14	1
U23	U113	1
U160	U21	1
U13	U184	1
U23	U209	1
U35	U239	1
U1	U151	1
U199	U39	1
U14	U9	1
U35	U94	1
U99	U158	1
U9	U14	1
U21	U160	1
U209	U23	1
U21	U218	1
U35	U239	1
U458	U188	1
U14	U9	1
U49	U139	1
U209	U23	1
U327	U65	1
U65	U327	1
U158	U99	1
U417	U21	1
U23	U14	1
U327	U65	1
U14	U23	1
U184	U13	1
U13	U394	1
U160	U21	1
U65	U327	1
U160	U21	1
U327	U65	1
U23	U14	1
U65	U327	1
U139	U49	1
U65	U1	1
U327	U65	1
U65	U327	1
U21	U160	1
U23	U209	1
U79	U58	1
U35	U239	1
U428	U244	1
U218	U21	1
U14	U9	1
U383	U94	1
U180	U39	1
U796	U94	1
U94	U796	1
U21	U160	1
U215	U969	1
U160	U21	1
U106	U113	1
U1	U65	1
U209	U23	1
U192	U23	1
U139	U49	1
U94	U469	1
U35	U94	1
U79	U724	1
U79	U724	1
U1	U236	1
U149	U175	1
U94	U367	1
U157	U260	1
U2	U33	1
U259	U8	1
U192	U23	1
U23	U113	1
U1	U65	1
U9	U14	1
U113	U23	1
U35	U239	1
U106	U113	1
U9	U14	1
U234	U554	1
U158	U99	1
U796	U694	1
U113	U23	1
U192	U23	1
U35	U94	1
U23	U113	1
U160	U21	1
U23	U209	1
U49	U139	1
U14	U9	1
U21	U160	1
U380	U38	1
U796	U94	1
U192	U23	1
U156	U226	1
U113	U106	1
U236	U817	1
U94	U796	1
U94	U383	1
U374	U821	1
U192	U23	1
U158	U99	1
U13	U394	1
U327	U65	1
U629	U53	1
U23	U14	1
U65	U1	1
U223	U394	1
U65	U327	1
U14	U23	1
U1	U65	1
U65	U1	1
U13	U223	1
U327	U65	1
U612	U237	1
U237	U612	1
U23	U14	1
U394	U223	1
U1	U65	1
U65	U327	1
U65	U1	1
U327	U65	1
U223	U13	1
U394	U13	1
U237	U612	1
U144	U154	1
U1	U65	1
U223	U13	1
U1052	U19	1
U113	U110	1
U209	U23	1
U23	U14	1
U23	U14	1
U80	U114	1
U223	U13	1
U63	U629	1
U409	U1	1
U11	U239	1
U14	U23	1
U14	U23	1
U14	U23	1
U13	U223	1
U210	U259	1
U65	U327	1
U23	U14	1
U9	U210	1
U210	U29	1
U23	U14	1
U327	U65	1
U65	U327	1
U327	U65	1
U5	U278	1
U526	U13	1
U158	U99	1
U237	U65	1
U23	U14	1
U1	U65	1
U65	U327	1
U237	U65	1
U1	U336	1
U158	U99	1
U327	U65	1
U11	U239	1
U195	U299	1
U3	U33	1
U160	U21	1
U192	U23	1
U237	U65	1
U158	U99	1
U99	U158	1
U65	U327	1
U99	U158	1
U65	U1	1
U13	U184	1
U21	U160	1
U327	U65	1
U158	U99	1
U223	U394	1
U327	U65	1
U23	U192	1
U526	U106	1
U1	U65	1
U1	U65	1
U237	U65	1
U526	U13	1
U160	U21	1
U158	U99	1
U65	U327	1
U14	U23	1
U158	U99	1
U99	U158	1
U13	U223	1
U192	U23	1
U23	U209	1
U65	U1	1
U99	U79	1
U223	U13	1
U56	U458	1
U192	U56	1
U99	U158	1
U21	U160	1
U79	U99	1
U3	U33	1
U56	U278	1
U14	U23	1
U13	U394	1
U101	U23	1
U113	U23	1
U144	U63	1
U1	U54	1
U24	U972	1
U66	U19	1
U11	U24	1
U394	U13	1
U1	U54	1
U394	U223	1
U790	U260	1
U813	U104	1
U107	U161	1
U1	U54	1
U790	U260	1
U23	U113	1
U24	U972	1
U791	U13	1
U23	U104	1
U476	U242	1
U1	U54	1
U110	U113	1
U101	U5	1
U1	U336	1
U473	U6	1
U113	U110	1
U110	U113	1
U63	U144	1
U39	U38	1
U49	U139	1
U154	U196	1
U598	U65	1
U139	U49	1
U380	U101	1
U110	U113	1
U113	U110	1
U73	U19	1
U144	U63	1
U24	U148	1
U1	U54	1
U110	U113	1
U461	U19	1
U47	U1143	1
U113	U58	1
U1	U54	1
U473	U298	1
U66	U110	1
U113	U110	1
U66	U110	1
U11	U33	1
U790	U65	1
U19	U79	1
U1	U281	1
U19	U461	1
U1	U54	1
U108	U209	1
U113	U58	1
U49	U310	1
U73	U29	1
U5	U10	1
U310	U49	1
U245	U345	1
U308	U81	1
U39	U199	1
U39	U461	1
U49	U139	1
U7	U114	1
U58	U113	1
U461	U39	1
U58	U580	1
U49	U310	1
U259	U210	1
U113	U58	1
U19	U105	1
U19	U105	1
U108	U19	1
U38	U39	1
U1	U409	1
U49	U310	1
U49	U139	1
U47	U955	1
U58	U113	1
U107	U88	1
U79	U19	1
U113	U110	1
U24	U972	1
U5	U101	1
U139	U49	1
U110	U113	1
U19	U79	1
U972	U24	1
U107	U10	1
U19	U1052	1
U1	U79	1
U110	U113	1
U79	U133	1
U79	U76	1
U310	U49	1
U24	U972	1
U110	U113	1
U308	U120	1
U1	U79	1
U113	U110	1
U38	U39	1
U278	U5	1
U106	U110	1
U278	U78	1
U23	U101	1
U39	U38	1
U113	U63	1
U106	U110	1
U110	U113	1
U380	U38	1
U106	U113	1
U209	U23	1
U38	U39	1
U21	U160	1
U113	U110	1
U39	U38	1
U110	U106	1
U237	U217	1
U236	U101	1
U237	U473	1
U113	U106	1
U237	U308	1
U157	U101	1
U113	U110	1
U38	U380	1
U25	U722	1
U110	U106	1
U133	U165	1
U113	U106	1
U13	U791	1
U380	U38	1
U58	U79	1
U133	U258	1
U106	U113	1
U113	U23	1
U113	U110	1
U33	U735	1
U23	U113	1
U113	U106	1
U722	U25	1
U33	U11	1
U236	U101	1
U38	U380	1
U106	U110	1
U23	U209	1
U110	U113	1
U2	U308	1
U101	U236	1
U110	U106	1
U113	U110	1
U722	U101	1
U113	U110	1
U38	U39	1
U39	U180	1
U380	U38	1
U11	U402	1
U21	U160	1
U38	U380	1
U598	U652	1
U236	U101	1
U113	U58	1
U236	U2	1
U113	U110	1
U39	U38	1
U380	U38	1
U380	U38	1
U113	U110	1
U139	U49	1
U144	U63	1
U236	U101	1
U5	U101	1
U722	U101	1
U39	U38	1
U180	U39	1
U38	U380	1
U58	U113	1
U39	U609	1
U113	U63	1
U101	U380	1
U39	U38	1
U14	U9	1
U106	U110	1
U9	U14	1
U38	U39	1
U101	U236	1
U110	U113	1
U380	U38	1
U110	U113	1
U49	U139	1
U110	U106	1
U38	U380	1
U93	U46	1
U110	U113	1
U38	U39	1
U526	U106	1
U1	U54	1
U38	U39	1
U63	U113	1
U160	U21	1
U39	U38	1
U38	U380	1
U1009	U754	1
U1009	U754	1
U24	U129	1
U636	U266	1
U80	U455	1
U186	U304	1
U186	U304	1
U304	U186	1
U90	U158	1
U489	U129	1
U653	U203	1
U339	U112	1
U455	U7	1
U582	U43	1
U304	U482	1
U220	U617	1
U108	U381	1
U39	U217	1
U46	U754	1
U24	U123	1
U237	U123	1
U186	U304	1
U237	U108	1
U24	U129	1
U965	U970	1
U77	U30	1
U468	U401	1
U1146	U64	1
U33	U76	1
U24	U129	1
U77	U129	1
U77	U270	1
U34	U739	1
U23	U473	1
U473	U23	1
U112	U25	1
U473	U89	1
U289	U324	1
U577	U66	1
U289	U324	1
U39	U205	1
U39	U609	1
U473	U237	1
U22	U317	1
U158	U70	1
U739	U34	1
U429	U1082	1
U158	U99	1
U609	U39	1
U317	U22	1
U82	U401	1
U18	U906	1
U23	U239	1
U327	U317	1
U7	U111	1
U720	U82	1
U108	U209	1
U237	U45	1
U647	U189	1
U24	U129	1
U2	U410	1
U18	U281	1
U18	U281	1
U455	U1159	1
U18	U524	1
U2	U13	1
U2	U13	1
U317	U1331	1
U567	U175	1
U108	U209	1
U429	U348	1
U24	U129	1
U305	U396	1
U379	U13	1
U129	U24	1
U18	U107	1
U7	U393	1
U401	U82	1
U7	U591	1
U401	U82	1
U82	U401	1
U647	U64	1
U82	U358	1
U401	U82	1
U82	U401	1
U401	U82	1
U108	U64	1
U123	U323	1
U82	U401	1
U401	U14	1
U123	U18	1
U11	U145	1
U24	U123	1
U24	U123	1
U11	U919	1
U24	U123	1
U7	U19	1
U7	U1058	1
U450	U19	1
U7	U417	1
U11	U677	1
U7	U455	1
U977	U557	1
U19	U7	1
U489	U35	1
U19	U598	1
U1	U336	1
U1191	U1005	1
U21	U218	1
U1054	U1046	1
U305	U23	1
U1054	U905	1
U21	U137	1
U1	U41	1
U23	U305	1
U305	U23	1
U54	U143	1
U2	U51	1
U491	U199	1
U1	U272	1
U1	U748	1
U138	U104	1
U489	U23	1
U226	U156	1
U23	U305	1
U2	U51	1
U138	U55	1
U2	U39	1
U1	U272	1
U276	U450	1
U182	U101	1
U305	U23	1
U305	U23	1
U394	U223	1
U18	U123	1
U60	U122	1
U70	U158	1
U40	U168	1
U107	U361	1
U70	U182	1
U21	U8	1
U489	U23	1
U138	U55	1
U138	U104	1
U9	U150	1
U27	U209	1
U138	U104	1
U238	U23	1
U23	U238	1
U1191	U585	1
U238	U117	1
U305	U23	1
U238	U23	1
U23	U305	1
U23	U305	1
U138	U104	1
U276	U199	1
U19	U450	1
U23	U238	1
U1	U251	1
U238	U266	1
U111	U7	1
U305	U23	1
U55	U30	1
U653	U535	1
U1	U79	1
U1	U65	1
U19	U592	1
U305	U23	1
U19	U592	1
U40	U586	1
U223	U13	1
U653	U203	1
U19	U748	1
U182	U101	1
U289	U324	1
U229	U274	1
U294	U807	1
U294	U593	1
U203	U653	1
U294	U14	1
U294	U32	1
U1	U899	1
U138	U104	1
U238	U23	1
U19	U592	1
U304	U118	1
U305	U23	1
U1	U272	1
U138	U104	1
U138	U55	1
U1	U272	1
U238	U23	1
U477	U899	1
U421	U75	1
U98	U43	1
U118	U304	1
U659	U8	1
U23	U238	1
U138	U55	1
U138	U104	1
U138	U55	1
U238	U23	1
U101	U182	1
U23	U238	1
U389	U424	1
U238	U23	1
U23	U238	1
U182	U975	1
U975	U182	1
U379	U32	1
U66	U53	1
U129	U14	1
U423	U14	1
U14	U423	1
U423	U14	1
U14	U423	1
U423	U14	1
U1159	U455	1
U45	U323	1
U423	U14	1
U168	U248	1
U14	U182	1
U14	U423	1
U248	U168	1
U182	U14	1
U188	U33	1
U168	U248	1
U188	U31	1
U423	U14	1
U14	U182	1
U182	U14	1
U317	U327	1
U31	U391	1
U14	U423	1
U31	U188	1
U12	U53	1
U423	U14	1
U182	U14	1
U12	U393	1
U168	U248	1
U396	U305	1
U248	U168	1
U45	U235	1
U168	U248	1
U168	U248	1
U248	U168	1
U248	U168	1
U235	U45	1
U168	U248	1
U248	U168	1
U653	U203	1
U45	U235	1
U182	U14	1
U168	U248	1
U423	U14	1
U14	U182	1
U248	U168	1
U14	U423	1
U182	U14	1
U423	U14	1
U14	U423	1
U14	U182	1
U423	U14	1
U482	U304	1
U248	U168	1
U6	U358	1
U66	U53	1
U53	U182	1
U53	U282	1
U44	U300	1
U962	U591	1
U182	U53	1
U3	U134	1
U53	U348	1
U2	U317	1
U282	U53	1
U2	U79	1
U3	U69	1
U2	U27	1
U2	U532	1
U337	U215	1
U31	U914	1
U1109	U27	1
U3	U69	1
U348	U53	1
U66	U248	1
U53	U182	1
U3	U69	1
U64	U647	1
U586	U40	1
U219	U69	1
U518	U272	1
U1123	U317	1
U30	U188	1
U188	U30	1
U215	U337	1
U30	U188	1
U181	U53	1
U1150	U265	1
U30	U393	1
U282	U53	1
U25	U962	1
U182	U53	1
U1150	U182	1
U182	U53	1
U1123	U317	1
U66	U53	1
U1339	U167	1
U526	U188	1
U235	U2	1
U1150	U182	1
U3	U114	1
U53	U182	1
U317	U1123	1
U3	U69	1
U317	U1123	1
U182	U53	1
U18	U683	1
U107	U396	1
U235	U45	1
U647	U308	1
U642	U701	1
U308	U81	1
U672	U76	1
U308	U647	1
U308	U120	1
U203	U653	1
U429	U348	1
U129	U39	1
U13	U32	1
U241	U754	1
U133	U118	1
U133	U130	1
U133	U151	1
U133	U147	1
U544	U12	1
U27	U482	1
U581	U906	1
U581	U217	1
U482	U27	1
U27	U482	1
U482	U27	1
U27	U482	1
U348	U429	1
U482	U27	1
U315	U8	1
U178	U183	1
U18	U123	1
U189	U647	1
U58	U29	1
U30	U55	1
U58	U165	1
U720	U577	1
U24	U11	1
U24	U129	1
U577	U66	1
U24	U123	1
U24	U524	1
U647	U189	1
U24	U123	1
U209	U27	1
U324	U289	1
U88	U93	1
U66	U577	1
U577	U66	1
U577	U539	1
U49	U8	1
U288	U297	1
U89	U9	1
U2	U13	1
U178	U217	1
U182	U291	1
U27	U482	1
U175	U33	1
U244	U32	1
U27	U209	1
U101	U583	1
U22	U317	1
U217	U1090	1
U22	U304	1
U22	U213	1
U39	U129	1
U39	U182	1
U234	U554	1
U66	U328	1
U218	U21	1
U239	U65	1
U234	U429	1
U55	U30	1
U234	U429	1
U66	U328	1
U45	U235	1
U168	U248	1
U423	U32	1
U168	U248	1
U248	U168	1
U235	U45	1
U482	U27	1
U8	U141	1
U234	U622	1
U950	U309	1
U12	U1043	1
U265	U1150	1
U137	U569	1
U189	U40	1
U569	U137	1
U137	U569	1
U569	U137	1
U137	U21	1
U137	U53	1
U1043	U2	1
U1043	U976	1
U137	U569	1
U217	U39	1
U22	U941	1
U569	U137	1
U137	U569	1
U569	U137	1
U420	U8	1
U304	U22	1
U39	U79	1
U39	U408	1
U107	U161	1
U8	U49	1
U41	U1	1
U3	U125	1
U361	U107	1
U489	U23	1
U120	U393	1
U393	U30	1
U393	U120	1
U76	U29	1
U30	U393	1
U29	U58	1
U29	U73	1
U120	U393	1
U29	U108	1
U393	U120	1
U29	U37	1
U29	U218	1
U261	U60	1
U779	U41	1
U120	U393	1
U29	U58	1
U779	U521	1
U29	U58	1
U393	U30	1
U176	U397	1
U393	U120	1
U118	U60	1
U353	U583	1
U30	U393	1
U142	U30	1
U175	U567	1
U133	U94	1
U18	U139	1
U586	U40	1
U61	U18	1
U120	U393	1
U18	U281	1
U214	U691	1
U77	U129	1
U353	U244	1
U410	U207	1
U77	U30	1
U18	U305	1
U353	U244	1
U353	U181	1
U244	U353	1
U353	U244	1
U237	U106	1
U141	U8	1
U421	U75	1
U393	U7	1
U41	U779	1
U30	U393	1
U1043	U1331	1
U393	U120	1
U18	U125	1
U720	U60	1
U261	U60	1
U118	U60	1
U60	U118	1
U60	U155	1
U53	U629	1
U53	U137	1
U60	U118	1
U118	U60	1
U22	U27	1
U53	U12	1
U53	U181	1
U60	U310	1
U155	U60	1
U237	U15	1
U53	U282	1
U60	U12	1
U1083	U432	1
U118	U60	1
U30	U219	1
U60	U155	1
U27	U22	1
U89	U473	1
U310	U60	1
U261	U60	1
U720	U60	1
U120	U393	1
U60	U118	1
U118	U60	1
U60	U310	1
U720	U60	1
U60	U118	1
U60	U310	1
U26	U9	1
U393	U30	1
U26	U666	1
U118	U60	1
U310	U60	1
U118	U60	1
U66	U53	1
U60	U118	1
U155	U60	1
U261	U60	1
U60	U118	1
U118	U60	1
U60	U155	1
U237	U15	1
U60	U118	1
U261	U60	1
U155	U60	1
U27	U22	1
U129	U53	1
U53	U629	1
U53	U182	1
U353	U133	1
U353	U133	1
U2	U410	1
U70	U529	1
U247	U70	1
U739	U34	1
U581	U130	1
U89	U130	1
U567	U14	1
U7	U393	1
U49	U927	1
U133	U353	1
U7	U22	1
U10	U35	1
U10	U35	1
U70	U247	1
U133	U353	1
U70	U22	1
U239	U65	1
U239	U23	1
U567	U240	1
U38	U744	1
U341	U101	1
U14	U133	1
U567	U175	1
U420	U8	1
U10	U5	1
U420	U11	1
U70	U247	1
U25	U112	1
U80	U455	1
U276	U706	1
U154	U125	1
U1146	U64	1
U529	U70	1
U744	U38	1
U20	U212	1
U529	U60	1
U418	U125	1
U418	U65	1
U46	U268	1
U123	U24	1
U118	U353	1
U3	U410	1
U105	U781	1
U3	U315	1
U66	U29	1
U323	U337	1
U107	U361	1
U107	U361	1
U968	U808	1
U420	U569	1
U133	U353	1
U10	U5	1
U10	U35	1
U353	U156	1
U424	U389	1
U781	U105	1
U353	U133	1
U1116	U69	1
U133	U353	1
U348	U429	1
U353	U244	1
U469	U32	1
U133	U182	1
U353	U583	1
U927	U1061	1
U244	U353	1
U133	U18	1
U353	U133	1
U182	U101	1
U133	U353	1
U247	U70	1
U305	U18	1
U353	U20	1
U353	U133	1
U133	U353	1
U282	U53	1
U261	U338	1
U89	U6	1
U182	U133	1
U353	U125	1
U583	U353	1
U457	U334	1
U266	U238	1
U133	U169	1
U133	U14	1
U14	U133	1
U193	U82	1
U149	U338	1
U133	U14	1
U334	U457	1
U353	U244	1
U149	U338	1
U244	U353	1
U927	U49	1
U149	U338	1
U133	U182	1
U149	U338	1
U353	U133	1
U261	U338	1
U130	U133	1
U133	U353	1
U353	U244	1
U177	U115	1
U244	U353	1
U1083	U269	1
U12	U60	1
U53	U66	1
U125	U154	1
U1	U22	1
U261	U1	1
U104	U22	1
U138	U55	1
U103	U754	1
U55	U58	1
U70	U22	1
U60	U14	1
U22	U1	1
U23	U489	1
U261	U1	1
U138	U104	1
U138	U55	1
U22	U104	1
U261	U1	1
U158	U70	1
U58	U55	1
U261	U1	1
U1	U22	1
U60	U148	1
U22	U1	1
U1	U65	1
U309	U950	1
U70	U158	1
U261	U140	1
U1	U81	1
U65	U1	1
U261	U1	1
U55	U58	1
U70	U15	1
U138	U55	1
U70	U158	1
U261	U1	1
U70	U15	1
U289	U1	1
U261	U1	1
U138	U55	1
U70	U22	1
U1	U65	1
U65	U1	1
U261	U1	1
U261	U1	1
U15	U70	1
U289	U1	1
U138	U55	1
U70	U103	1
U93	U88	1
U22	U70	1
U261	U1	1
U309	U328	1
U261	U1	1
U22	U70	1
U1	U22	1
U261	U1	1
U1	U148	1
U22	U70	1
U148	U1	1
U23	U489	1
U138	U1	1
U76	U672	1
U1	U148	1
U158	U70	1
U261	U1	1
U148	U1	1
U1	U148	1
U138	U1	1
U148	U1	1
U22	U101	1
U261	U1	1
U1	U148	1
U138	U104	1
U138	U1	1
U138	U104	1
U138	U1	1
U289	U324	1
U289	U9	1
U148	U1	1
U55	U58	1
U289	U1	1
U148	U1	1
U22	U7	1
U70	U22	1
U138	U104	1
U289	U324	1
U338	U25	1
U261	U1	1
U289	U1	1
U22	U1	1
U65	U239	1
U43	U582	1
U43	U98	1
U647	U64	1
U289	U1	1
U289	U324	1
U76	U33	1
U489	U23	1
U261	U1	1
U125	U219	1
U1	U1102	1
U1	U1102	1
U199	U491	1
U1	U22	1
U1	U148	1
U1	U148	1
U1	U65	1
U261	U1	1
U65	U1	1
U174	U304	1
U65	U1	1
U174	U112	1
U188	U18	1
U22	U70	1
U30	U101	1
U237	U55	1
U1	U65	1
U60	U336	1
U30	U55	1
U55	U30	1
U455	U80	1
U261	U60	1
U65	U1	1
U55	U30	1
U1	U65	1
U120	U308	1
U461	U60	1
U101	U182	1
U65	U1	1
U324	U289	1
U101	U22	1
U101	U182	1
U77	U1162	1
U261	U60	1
U1	U65	1
U22	U1	1
U60	U118	1
U261	U60	1
U30	U115	1
U60	U336	1
U60	U310	1
U336	U1	1
U237	U15	1
U720	U60	1
U30	U142	1
U261	U60	1
U336	U60	1
U237	U104	1
U120	U19	1
U60	U336	1
U289	U324	1
U237	U437	1
U336	U60	1
U55	U30	1
U22	U27	1
U648	U14	1
U261	U60	1
U77	U129	1
U77	U30	1
U261	U60	1
U30	U371	1
U688	U89	1
U1	U65	1
U26	U9	1
U261	U1	1
U65	U1	1
U418	U125	1
U55	U11	1
U461	U60	1
U418	U65	1
U30	U55	1
U14	U60	1
U289	U1	1
U66	U577	1
U261	U1	1
U1	U65	1
U55	U30	1
U30	U55	1
U65	U1	1
U585	U1191	1
U60	U461	1
U18	U108	1
U237	U473	1
U261	U1	1
U294	U807	1
U1	U65	1
U289	U1	1
U14	U583	1
U60	U461	1
U30	U669	1
U30	U55	1
U583	U14	1
U371	U30	1
U261	U60	1
U55	U30	1
U55	U30	1
U60	U529	1
U55	U60	1
U14	U583	1
U65	U1	1
U30	U55	1
U1	U41	1
U583	U14	1
U30	U371	1
U261	U1	1
U461	U60	1
U60	U55	1
U418	U65	1
U1	U289	1
U55	U30	1
U261	U1	1
U14	U133	1
U1	U65	1
U688	U982	1
U60	U461	1
U490	U567	1
U168	U248	1
U3	U69	1
U2	U141	1
U2	U455	1
U238	U44	1
U238	U289	1
U238	U905	1
U600	U139	1
U46	U494	1
U237	U155	1
U790	U65	1
U46	U821	1
U2	U239	1
U155	U237	1
U790	U327	1
U790	U317	1
U120	U308	1
U276	U199	1
U237	U155	1
U108	U397	1
U26	U53	1
U397	U176	1
U557	U977	1
U338	U101	1
U94	U647	1
U238	U1164	1
U238	U338	1
U683	U129	1
U14	U583	1
U117	U215	1
U139	U49	1
U117	U238	1
U19	U583	1
U178	U132	1
U583	U19	1
U46	U600	1
U19	U583	1
U329	U1	1
U583	U19	1
U329	U1	1
U12	U856	1
U12	U544	1
U600	U46	1
U583	U14	1
U583	U101	1
U282	U53	1
U200	U141	1
U544	U12	1
U46	U600	1
U1169	U89	1
U2	U1089	1
U168	U248	1
U99	U158	1
U248	U592	1
U158	U99	1
U8	U110	1
U421	U75	1
U8	U43	1
U56	U43	1
U8	U110	1
U8	U110	1
U8	U110	1
U43	U128	1
U88	U396	1
U88	U93	1
U83	U551	1
U341	U14	1
U48	U32	1
U421	U5	1
U14	U128	1
U75	U145	1
U128	U14	1
U66	U14	1
U14	U128	1
U418	U128	1
U93	U27	1
U821	U46	1
U8	U110	1
U19	U920	1
U8	U43	1
U182	U1245	1
U5	U113	1
U308	U647	1
U78	U56	1
U374	U535	1
U308	U120	1
U374	U18	1
U99	U36	1
U36	U18	1
U327	U317	1
U36	U40	1
U327	U269	1
U46	U821	1
U276	U450	1
U36	U99	1
U276	U199	1
U128	U43	1
U8	U110	1
U186	U304	1
U128	U14	1
U118	U304	1
U204	U381	1
U237	U155	1
U8	U110	1
U611	U33	1
U622	U213	1
U583	U14	1
U266	U238	1
U70	U982	1
U251	U215	1
U6	U31	1
U19	U920	1
U19	U920	1
U6	U268	1
U10	U5	1
U1	U329	1
U920	U19	1
U3	U114	1
U19	U108	1
U10	U5	1
U70	U193	1
U75	U14	1
U108	U19	1
U19	U359	1
U285	U56	1
U19	U148	1
U14	U75	1
U148	U19	1
U160	U21	1
U19	U148	1
U19	U120	1
U3	U114	1
U113	U63	1
U14	U75	1
U617	U176	1
U370	U825	1
U294	U19	1
U666	U580	1
U370	U812	1
U370	U812	1
U24	U148	1
U370	U812	1
U370	U812	1
U370	U812	1
U24	U117	1
U370	U812	1
U56	U1097	1
U317	U327	1
U24	U129	1
U75	U14	1
U2	U317	1
U24	U123	1
U3	U114	1
U41	U511	1
U317	U35	1
U375	U63	1
U63	U113	1
U294	U19	1
U63	U113	1
U93	U88	1
U592	U248	1
U75	U14	1
U3	U1046	1
U3	U1046	1
U359	U19	1
U3	U315	1
U982	U688	1
U66	U1026	1
U3	U114	1
U3	U39	1
U982	U40	1
U157	U260	1
U30	U109	1
U109	U30	1
U66	U328	1
U19	U30	1
U30	U19	1
U297	U288	1
U982	U145	1
U106	U503	1
U157	U18	1
U106	U113	1
U108	U19	1
U215	U117	1
U14	U583	1
U85	U631	1
U294	U593	1
U61	U142	1
U61	U1026	1
U14	U75	1
U856	U12	1
U2	U27	1
U21	U160	1
U120	U155	1
U2	U239	1
U75	U14	1
U2	U455	1
U129	U683	1
U46	U235	1
U46	U1089	1
U14	U75	1
U75	U14	1
U113	U5	1
U113	U106	1
U14	U75	1
U530	U237	1
U120	U19	1
U215	U9	1
U251	U19	1
U75	U14	1
U61	U315	1
U234	U48	1
U239	U23	1
U145	U75	1
U1	U65	1
U3	U51	1
U27	U93	1
U730	U18	1
U27	U13	1
U88	U93	1
U88	U15	1
U229	U274	1
U20	U101	1
U791	U13	1
U15	U88	1
U791	U13	1
U93	U27	1
U1	U88	1
U1	U88	1
U73	U29	1
U1	U88	1
U1	U88	1
U13	U27	1
U1	U88	1
U27	U13	1
U1	U88	1
U2	U33	1
U108	U29	1
U2	U27	1
U517	U361	1
U53	U282	1
U582	U37	1
U234	U217	1
U129	U199	1
U129	U424	1
U129	U49	1
U629	U53	1
U139	U49	1
U744	U38	1
U101	U583	1
U101	U338	1
U220	U367	1
U260	U30	1
U334	U14	1
U31	U6	1
U744	U52	1
U744	U38	1
U21	U281	1
U10	U35	1
U112	U18	1
U994	U438	1
U199	U129	1
U70	U193	1
U234	U517	1
U877	U477	1
U44	U266	1
U27	U13	1
U2	U33	1
U583	U57	1
U2	U33	1
U2	U33	1
U158	U99	1
U2	U154	1
U2	U455	1
U33	U611	1
U611	U33	1
U10	U329	1
U2	U455	1
U57	U583	1
U2	U455	1
U33	U611	1
U99	U158	1
U2	U455	1
U99	U269	1
U2	U455	1
U455	U30	1
U318	U957	1
U186	U304	1
U701	U642	1
U2	U27	1
U2	U207	1
U2	U455	1
U268	U6	1
U592	U248	1
U13	U791	1
U2	U33	1
U2	U33	1
U2	U455	1
U158	U99	1
U2	U33	1
U2	U27	1
U88	U200	1
U2	U33	1
U455	U408	1
U2	U33	1
U2	U33	1
U2	U455	1
U57	U583	1
U583	U353	1
U1	U329	1
U2	U27	1
U291	U204	1
U2	U33	1
U2	U33	1
U2	U33	1
U2	U455	1
U158	U99	1
U2	U33	1
U14	U75	1
U24	U129	1
U75	U629	1
U3	U565	1
U237	U45	1
U957	U1325	1
U3	U51	1
U957	U603	1
U160	U21	1
U957	U548	1
U957	U318	1
U141	U200	1
U3	U33	1
U3	U51	1
U3	U51	1
U165	U44	1
U165	U58	1
U14	U334	1
U99	U158	1
U3	U565	1
U3	U39	1
U123	U37	1
U526	U32	1
U3	U565	1
U3	U134	1
U237	U15	1
U429	U1031	1
U3	U51	1
U3	U268	1
U418	U128	1
U8	U110	1
U101	U583	1
U418	U65	1
U8	U110	1
U128	U14	1
U1031	U429	1
U145	U75	1
U3	U51	1
U418	U125	1
U14	U128	1
U3	U155	1
U3	U155	1
U3	U51	1
U632	U212	1
U128	U14	1
U110	U8	1
U5	U672	1
U3	U51	1
U3	U20	1
U421	U75	1
U3	U51	1
U237	U530	1
U583	U101	1
U526	U32	1
U3	U33	1
U2	U511	1
U32	U526	1
U105	U18	1
U396	U161	1
U2	U141	1
U2	U27	1
U938	U35	1
U938	U17	1
U43	U98	1
U139	U49	1
U21	U281	1
U145	U75	1
U13	U27	1
U108	U209	1
U13	U791	1
U174	U1212	1
U250	U528	1
U174	U112	1
U470	U59	1
U1046	U156	1
U113	U106	1
U281	U21	1
U196	U154	1
U2	U239	1
U426	U166	1
U154	U196	1
U590	U239	1
U744	U38	1
U526	U32	1
U193	U1218	1
U744	U38	1
U3	U33	1
U3	U33	1
U239	U590	1
U744	U38	1
U367	U419	1
U2	U551	1
U2	U141	1
U2	U419	1
U2	U141	1
U2	U419	1
U2	U419	1
U78	U278	1
U2	U419	1
U2	U207	1
U503	U106	1
U193	U49	1
U2	U419	1
U193	U70	1
U2	U419	1
U396	U88	1
U511	U41	1
U13	U27	1
U35	U317	1
U650	U306	1
U168	U387	1
U2	U317	1
U348	U109	1
U337	U215	1
U323	U337	1
U2	U27	1
U182	U550	1
U387	U168	1
U215	U337	1
U2	U79	1
U141	U8	1
U182	U1335	1
U550	U182	1
U109	U188	1
U168	U248	1
U2	U13	1
U323	U337	1
U186	U304	1
U2	U239	1
U53	U282	1
U220	U767	1
U53	U629	1
U420	U8	1
U220	U617	1
U306	U650	1
U323	U337	1
U677	U156	1
U32	U572	1
U32	U244	1
U282	U53	1
U2	U79	1
U66	U53	1
U393	U30	1
U32	U379	1
U2	U317	1
U2	U79	1
U45	U323	1
U32	U182	1
U323	U337	1
U323	U45	1
U2	U79	1
U337	U215	1
U65	U109	1
U156	U677	1
U401	U239	1
U215	U337	1
U182	U53	1
U30	U393	1
U45	U323	1
U323	U45	1
U9	U11	1
U53	U181	1
U337	U215	1
U9	U89	1
U85	U393	1
U5	U113	1
U323	U337	1
U9	U14	1
U113	U63	1
U393	U85	1
U76	U33	1
U113	U5	1
U9	U5	1
U598	U1089	1
U85	U393	1
U106	U113	1
U160	U21	1
U63	U113	1
U323	U337	1
U215	U337	1
U393	U85	1
U323	U337	1
U289	U324	1
U9	U5	1
U348	U393	1
U31	U391	1
U93	U88	1
U33	U76	1
U302	U18	1
U9	U129	1
U323	U337	1
U337	U215	1
U294	U129	1
U109	U65	1
U294	U807	1
U3	U134	1
U302	U257	1
U9	U129	1
U248	U168	1
U323	U337	1
U182	U32	1
U215	U337	1
U9	U5	1
U294	U129	1
U76	U33	1
U323	U337	1
U294	U32	1
U63	U113	1
U294	U129	1
U304	U298	1
U393	U85	1
U9	U5	1
U239	U401	1
U2	U79	1
U677	U35	1
U248	U168	1
U790	U622	1
U66	U248	1
U348	U53	1
U53	U12	1
U66	U53	1
U323	U337	1
U235	U155	1
U53	U282	1
U53	U182	1
U2	U79	1
U509	U32	1
U53	U348	1
U282	U53	1
U12	U326	1
U182	U53	1
U66	U754	1
U25	U338	1
U401	U239	1
U337	U215	1
U348	U53	1
U2	U27	1
U53	U182	1
U66	U53	1
U2	U317	1
U3	U134	1
U168	U248	1
U543	U735	1
U168	U248	1
U69	U219	1
U31	U391	1
U914	U1097	1
U282	U53	1
U3	U69	1
U53	U962	1
U248	U168	1
U31	U32	1
U27	U1109	1
U31	U391	1
U3	U134	1
U188	U109	1
U215	U337	1
U3	U315	1
U66	U754	1
U53	U348	1
U323	U337	1
U186	U304	1
U1109	U27	1
U235	U280	1
U66	U248	1
U239	U401	1
U160	U109	1
U66	U53	1
U53	U348	1
U2	U317	1
U323	U337	1
U32	U413	1
U32	U469	1
U323	U45	1
U25	U338	1
U32	U210	1
U215	U337	1
U32	U214	1
U53	U591	1
U186	U304	1
U2	U79	1
U66	U53	1
U45	U323	1
U2	U215	1
U66	U248	1
U323	U337	1
U53	U282	1
U32	U359	1
U32	U509	1
U127	U509	1
U53	U182	1
U2	U79	1
U337	U215	1
U2	U79	1
U2	U79	1
U182	U32	1
U323	U337	1
U66	U248	1
U184	U13	1
U53	U282	1
U215	U337	1
U186	U304	1
U182	U53	1
U323	U182	1
U323	U337	1
U348	U53	1
U2	U239	1
U53	U182	1
U2	U317	1
U282	U53	1
U850	U387	1
U53	U66	1
U2	U79	1
U239	U401	1
U248	U66	1
U182	U53	1
U66	U53	1
U248	U168	1
U32	U13	1
U305	U12	1
U66	U754	1
U294	U14	1
U222	U495	1
U581	U43	1
U677	U35	1
U149	U175	1
U223	U13	1
U976	U1043	1
U9	U35	1
U106	U113	1
U31	U391	1
U35	U677	1
U677	U35	1
U15	U88	1
U35	U677	1
U581	U217	1
U677	U35	1
U35	U326	1
U592	U25	1
U326	U35	1
U35	U9	1
U326	U95	1
U13	U223	1
U9	U35	1
U383	U33	1
U35	U677	1
U35	U677	1
U2	U317	1
U149	U175	1
U113	U63	1
U19	U864	1
U274	U229	1
U323	U337	1
U2	U317	1
U8	U315	1
U149	U175	1
U383	U864	1
U864	U19	1
U35	U677	1
U21	U160	1
U677	U35	1
U8	U677	1
U35	U677	1
U581	U181	1
U31	U391	1
U495	U222	1
U401	U655	1
U677	U35	1
U65	U109	1
U35	U677	1
U581	U43	1
U677	U35	1
U581	U583	1
U8	U326	1
U31	U391	1
U223	U394	1
U666	U255	1
U677	U35	1
U14	U75	1
U294	U14	1
U3	U114	1
U200	U82	1
U156	U677	1
U12	U856	1
U70	U982	1
U468	U1005	1
U63	U375	1
U468	U967	1
U75	U14	1
U156	U591	1
U3	U114	1
U156	U1046	1
U35	U677	1
U3	U114	1
U200	U988	1
U1	U65	1
U401	U239	1
U982	U70	1
U35	U677	1
U677	U156	1
U9	U215	1
U14	U75	1
U35	U9	1
U677	U35	1
U9	U35	1
U9	U215	1
U298	U304	1
U25	U592	1
U223	U13	1
U75	U14	1
U35	U9	1
U647	U308	1
U35	U677	1
U677	U35	1
U35	U677	1
U9	U35	1
U40	U982	1
U677	U35	1
U35	U9	1
U3	U114	1
U40	U36	1
U455	U35	1
U24	U123	1
U592	U25	1
U864	U813	1
U75	U14	1
U113	U106	1
U323	U337	1
U149	U175	1
U323	U337	1
U323	U8	1
U182	U19	1
U149	U175	1
U272	U214	1
U323	U337	1
U182	U976	1
U35	U677	1
U13	U223	1
U323	U8	1
U182	U70	1
U19	U5	1
U5	U19	1
U8	U141	1
U149	U175	1
U12	U305	1
U19	U5	1
U401	U239	1
U12	U326	1
U5	U19	1
U323	U337	1
U323	U8	1
U598	U19	1
U255	U666	1
U5	U113	1
U31	U32	1
U323	U337	1
U251	U70	1
U899	U477	1
U239	U401	1
U89	U1169	1
U490	U383	1
U89	U39	1
U184	U326	1
U184	U251	1
U337	U215	1
U323	U337	1
U683	U129	1
U85	U393	1
U383	U45	1
U323	U8	1
U149	U175	1
U326	U12	1
U393	U85	1
U215	U337	1
U45	U237	1
U168	U248	1
U306	U7	1
U76	U672	1
U239	U401	1
U184	U326	1
U401	U239	1
U223	U13	1
U383	U864	1
U326	U12	1
U141	U8	1
U326	U8	1
U8	U326	1
U251	U184	1
U326	U184	1
U251	U184	1
U323	U337	1
U106	U113	1
U13	U223	1
U323	U8	1
U326	U8	1
U251	U304	1
U864	U383	1
U251	U304	1
U8	U326	1
U323	U8	1
U8	U141	1
U19	U5	1
U222	U495	1
U63	U113	1
U63	U305	1
U383	U82	1
U420	U8	1
U305	U63	1
U677	U35	1
U113	U63	1
U141	U8	1
U248	U168	1
U149	U175	1
U326	U8	1
U33	U754	1
U113	U106	1
U401	U239	1
U90	U158	1
U323	U8	1
U8	U677	1
U239	U401	1
U8	U326	1
U149	U175	1
U323	U8	1
U149	U175	1
U63	U305	1
U8	U326	1
U24	U123	1
U326	U8	1
U677	U8	1
U420	U8	1
U8	U141	1
U65	U1	1
U1	U22	1
U1	U45	1
U1	U200	1
U22	U1	1
U45	U1	1
U200	U1	1
U1	U65	1
U200	U1	1
U65	U1	1
U65	U1	1
U22	U1	1
U1	U22	1
U200	U1	1
U1	U45	1
U45	U1	1
U1	U65	1
U1	U200	1
U1	U22	1
U1	U200	1
U1	U22	1
U200	U1	1
U1	U200	1
U1	U45	1
U1	U65	1
U1	U45	1
U200	U1	1
U45	U1	1
U65	U1	1
U1	U45	1
U141	U423	1
U22	U141	1
U133	U353	1
U45	U1	1
U133	U169	1
U65	U1	1
U1	U45	1
U22	U1	1
U1	U200	1
U45	U1	1
U1	U65	1
U1	U65	1
U22	U1	1
U200	U1	1
U1	U200	1
U45	U1	1
U1	U65	1
U213	U81	1
U65	U598	1
U65	U1	1
U1	U45	1
U598	U81	1
U598	U65	1
U598	U65	1
U1	U65	1
U45	U1	1
U2	U455	1
U65	U1	1
U2	U1089	1
U2	U13	1
U298	U327	1
U22	U1	1
U189	U304	1
U1	U45	1
U1	U45	1
U1	U200	1
U65	U1	1
U45	U1	1
U1	U22	1
U200	U1	1
U22	U1	1
U1	U45	1
U1	U45	1
U81	U598	1
U1	U200	1
U45	U1	1
U200	U1	1
U45	U1	1
U81	U213	1
U141	U849	1
U1	U65	1
U45	U1	1
U65	U1	1
U213	U81	1
U1	U200	1
U1	U45	1
U1	U65	1
U81	U213	1
U1	U45	1
U65	U1	1
U1	U802	1
U1	U65	1
U429	U101	1
U108	U719	1
U577	U66	1
U176	U63	1
U526	U123	1
U14	U581	1
U7	U178	1
U12	U50	1
U450	U141	1
U13	U27	1
U10	U35	1
U289	U163	1
U77	U30	1
U200	U1	1
U802	U1	1
U65	U1	1
U1	U802	1
U1	U65	1
U1	U200	1
U108	U719	1
U108	U719	1
U108	U719	1
U108	U719	1
U193	U821	1
U1	U65	1
U397	U719	1
U245	U587	1
U423	U141	1
U524	U24	1
U524	U18	1
U193	U49	1
U108	U719	1
U65	U1	1
U626	U83	1
U237	U123	1
U237	U45	1
U719	U108	1
U108	U719	1
U193	U287	1
U66	U577	1
U193	U940	1
U193	U696	1
U108	U719	1
U237	U673	1
U45	U1	1
U1	U45	1
U802	U1	1
U1	U65	1
U200	U1	1
U45	U1	1
U45	U1	1
U65	U1	1
U1	U200	1
U1	U45	1
U200	U1	1
U1	U45	1
U802	U1	1
U45	U1	1
U1	U45	1
U1	U200	1
U1	U65	1
U45	U1	1
U200	U1	1
U65	U1	1
U1	U200	1
U200	U1	1
U1	U22	1
U45	U1	1
U141	U22	1
U1	U45	1
U1	U802	1
U200	U1	1
U45	U1	1
U1	U802	1
U802	U1	1
U27	U209	1
U1	U802	1
U802	U1	1
U1	U200	1
U200	U1	1
U1	U200	1
U1	U802	1
U1	U200	1
U1	U65	1
U802	U1	1
U45	U1	1
U200	U1	1
U65	U1	1
U1	U45	1
U652	U269	1
U45	U1	1
U1	U45	1
U510	U944	1
U8	U213	1
U304	U189	1
U161	U229	1
U102	U107	1
U107	U102	1
U129	U428	1
U306	U245	1
U102	U107	1
U107	U102	1
U102	U107	1
U129	U581	1
U107	U102	1
U363	U18	1
U102	U107	1
U107	U102	1
U102	U107	1
U107	U102	1
U27	U13	1
U102	U107	1
U537	U50	1
U251	U184	1
U161	U214	1
U306	U182	1
U102	U107	1
U683	U18	1
U306	U48	1
U70	U80	1
U215	U184	1
U70	U182	1
U123	U18	1
U363	U161	1
U123	U18	1
U173	U8	1
U123	U24	1
U8	U18	1
U8	U173	1
U592	U18	1
U73	U420	1
U44	U635	1
U374	U161	1
U306	U182	1
U173	U433	1
U184	U215	1
U363	U428	1
U123	U237	1
U363	U59	1
U107	U102	1
U111	U102	1
U227	U1007	1
U175	U9	1
U994	U31	1
U175	U567	1
U173	U11	1
U239	U235	1
U526	U13	1
U152	U155	1
U152	U120	1
U235	U239	1
U212	U543	1
U164	U9	1
U155	U152	1
U120	U152	1
U152	U155	1
U31	U37	1
U526	U13	1
U8	U659	1
U438	U182	1
U155	U152	1
U152	U155	1
U155	U152	1
U127	U915	1
U555	U18	1
U27	U15	1
U59	U470	1
U102	U107	1
U15	U196	1
U795	U338	1
U155	U152	1
U107	U102	1
U285	U61	1
U102	U111	1
U41	U152	1
U102	U107	1
U107	U102	1
U102	U60	1
U102	U111	1
U52	U61	1
U152	U120	1
U306	U424	1
U30	U50	1
U30	U142	1
U178	U7	1
U189	U18	1
U59	U363	1
U141	U8	1
U65	U1	1
U45	U1	1
U795	U5	1
U1	U45	1
U45	U1	1
U1	U65	1
U65	U1	1
U927	U49	1
U274	U229	1
U1	U45	1
U1	U65	1
U45	U1	1
U65	U1	1
U1	U45	1
U1	U65	1
U45	U1	1
U65	U1	1
U1	U65	1
U65	U1	1
U1	U45	1
U795	U5	1
U1	U65	1
U455	U80	1
U510	U944	1
U189	U304	1
U795	U5	1
U581	U14	1
U45	U1	1
U304	U189	1
U65	U1	1
U298	U221	1
U1	U45	1
U1	U169	1
U45	U1	1
U581	U129	1
U1	U45	1
U65	U1	1
U21	U160	1
U45	U1	1
U1	U65	1
U795	U5	1
U583	U57	1
U65	U1	1
U1	U65	1
U1	U65	1
U1	U65	1
U1	U65	1
U77	U129	1
U39	U142	1
U363	U859	1
U8	U141	1
U469	U1026	1
U189	U288	1
U779	U387	1
U363	U49	1
U189	U304	1
U95	U166	1
U141	U906	1
U30	U18	1
U306	U129	1
U288	U189	1
U182	U70	1
U420	U73	1
U363	U59	1
U306	U70	1
U73	U420	1
U420	U73	1
U70	U182	1
U944	U510	1
U77	U30	1
U188	U226	1
U65	U1	1
U65	U1	1
U1	U65	1
U24	U30	1
U1	U22	1
U1	U22	1
U1	U171	1
U229	U161	1
U30	U85	1
U141	U8	1
U81	U213	1
U19	U120	1
U30	U77	1
U169	U133	1
U510	U740	1
U30	U226	1
U45	U237	1
U188	U50	1
U24	U123	1
U141	U450	1
U30	U24	1
U2	U13	1
U6	U7	1
U269	U652	1
U103	U70	1
U152	U7	1
U70	U103	1
U103	U70	1
U10	U35	1
U61	U52	1
U7	U152	1
U70	U103	1
U103	U70	1
U7	U193	1
U1	U169	1
U70	U103	1
U103	U1182	1
U103	U1182	1
U166	U95	1
U6	U82	1
U152	U155	1
U152	U236	1
U103	U70	1
U70	U103	1
U103	U70	1
U70	U103	1
U103	U1058	1
U412	U839	1
U412	U839	1
U741	U901	1
U11	U18	1
U103	U70	1
U741	U103	1
U83	U626	1
U741	U103	1
U49	U193	1
U70	U103	1
U322	U236	1
U103	U70	1
U70	U103	1
U103	U70	1
U70	U103	1
U70	U103	1
U103	U70	1
U61	U9	1
U103	U1058	1
U741	U6	1
U11	U152	1
U49	U363	1
U49	U60	1
U6	U7	1
U7	U487	1
U6	U167	1
U6	U167	1
U611	U48	1
U129	U53	1
U7	U489	1
U7	U6	1
U129	U581	1
U129	U77	1
U6	U167	1
U6	U167	1
U336	U167	1
U167	U6	1
U7	U6	1
U6	U167	1
U6	U167	1
U6	U51	1
U536	U123	1
U157	U500	1
U6	U177	1
U7	U6	1
U48	U611	1
U285	U189	1
U285	U26	1
U35	U10	1
U22	U737	1
U306	U129	1
U6	U7	1
U306	U245	1
U737	U22	1
U7	U6	1
U402	U554	1
U737	U2	1
U6	U408	1
U169	U1	1
U6	U7	1
U53	U129	1
U169	U133	1
U154	U207	1
U7	U6	1
U6	U177	1
U177	U6	1
U236	U322	1
U120	U142	1
U741	U103	1
U11	U424	1
U188	U50	1
U61	U52	1
U24	U524	1
U104	U215	1
U2	U1099	1
U2	U839	1
U2	U91	1
U35	U500	1
U215	U104	1
U35	U50	1
U152	U125	1
U2	U308	1
U2	U737	1
U35	U91	1
U127	U401	1
U104	U412	1
U30	U428	1
U35	U477	1
U61	U52	1
U7	U152	1
U61	U52	1
U91	U500	1
U89	U71	1
U194	U6	1
U133	U169	1
U61	U27	1
U61	U27	1
U160	U21	1
U69	U219	1
U98	U88	1
U758	U167	1
U61	U27	1
U28	U313	1
U28	U313	1
U28	U103	1
U75	U91	1
U313	U40	1
U61	U52	1
U37	U458	1
U91	U35	1
U184	U251	1
U98	U248	1
U70	U103	1
U428	U30	1
U489	U103	1
U45	U177	1
U245	U152	1
U11	U428	1
U182	U167	1
U103	U839	1
U70	U103	1
U27	U882	1
U103	U70	1
U428	U269	1
U40	U313	1
U70	U103	1
U901	U741	1
U103	U489	1
U11	U424	1
U103	U70	1
U70	U843	1
U70	U103	1
U103	U70	1
U103	U741	1
U6	U741	1
U26	U9	1
U7	U152	1
U269	U428	1
U61	U381	1
U152	U7	1
U306	U650	1
U758	U50	1
U80	U177	1
U39	U53	1
U142	U30	1
U30	U428	1
U428	U30	1
U758	U428	1
U428	U269	1
U428	U30	1
U7	U152	1
U152	U7	1
U7	U152	1
U26	U9	1
U152	U7	1
U30	U428	1
U26	U9	1
U30	U142	1
U30	U428	1
U281	U18	1
U167	U6	1
U51	U6	1
U8	U18	1
U8	U315	1
U203	U653	1
U795	U338	1
U90	U75	1
U550	U26	1
U309	U328	1
U78	U173	1
U1184	U679	1
U7	U19	1
U26	U550	1
U673	U237	1
U173	U78	1
U18	U8	1
U18	U123	1
U18	U123	1
U7	U186	1
U550	U26	1
U430	U82	1
U1184	U25	1
U25	U1184	1
U37	U29	1
U8	U500	1
U53	U629	1
U591	U7	1
U591	U962	1
U652	U269	1
U591	U156	1
U453	U412	1
U6	U25	1
U37	U754	1
U421	U75	1
U120	U152	1
U412	U453	1
U78	U173	1
U156	U226	1
U160	U21	1
U105	U781	1
U173	U78	1
U37	U299	1
U40	U397	1
U37	U31	1
U453	U412	1
U174	U596	1
U577	U66	1
U125	U353	1
U125	U18	1
U271	U7	1
U412	U329	1
U477	U177	1
U315	U8	1
U477	U877	1
U75	U145	1
U329	U412	1
U596	U1035	1
U193	U1023	1
U477	U35	1
U245	U345	1
U245	U587	1
U245	U817	1
U245	U3	1
U245	U236	1
U653	U203	1
U125	U3	1
U125	U418	1
U401	U127	1
U120	U19	1
U22	U673	1
U27	U13	1
U177	U477	1
U80	U455	1
U412	U423	1
U586	U132	1
U58	U165	1
U26	U10	1
U66	U577	1
U453	U305	1
U26	U498	1
U7	U271	1
U271	U7	1
U50	U12	1
U50	U188	1
U50	U537	1
U7	U271	1
U78	U173	1
U125	U154	1
U271	U7	1
U53	U182	1
U53	U12	1
U412	U453	1
U6	U634	1
U6	U634	1
U51	U6	1
U634	U6	1
U634	U6	1
U6	U634	1
U6	U51	1
U634	U6	1
U6	U450	1
U51	U6	1
U118	U289	1
U6	U634	1
U75	U421	1
U6	U51	1
U6	U25	1
U6	U51	1
U25	U6	1
U51	U6	1
U412	U272	1
U6	U51	1
U450	U6	1
U51	U6	1
U6	U51	1
U6	U167	1
U167	U336	1
U577	U66	1
U741	U106	1
U51	U6	1
U167	U1339	1
U581	U14	1
U167	U133	1
U236	U18	1
U167	U118	1
U10	U289	1
U51	U6	1
U6	U51	1
U6	U450	1
U51	U6	1
U450	U6	1
U6	U450	1
U6	U51	1
U6	U450	1
U6	U51	1
U6	U327	1
U6	U1	1
U53	U39	1
U6	U203	1
U53	U129	1
U6	U239	1
U203	U6	1
U611	U60	1
U454	U79	1
U6	U25	1
U6	U51	1
U6	U203	1
U6	U194	1
U454	U172	1
U203	U6	1
U7	U591	1
U6	U203	1
U453	U412	1
U203	U6	1
U53	U591	1
U6	U203	1
U25	U6	1
U177	U45	1
U203	U6	1
U51	U6	1
U6	U22	1
U21	U160	1
U53	U716	1
U236	U22	1
U279	U13	1
U236	U152	1
U716	U53	1
U6	U51	1
U6	U19	1
U634	U384	1
U51	U6	1
U289	U10	1
U6	U203	1
U236	U245	1
U6	U51	1
U203	U6	1
U22	U236	1
U22	U202	1
U53	U1128	1
U6	U203	1
U75	U90	1
U8	U21	1
U51	U31	1
U152	U120	1
U450	U276	1
U184	U227	1
U43	U582	1
U82	U430	1
U82	U193	1
U899	U1	1
U27	U13	1
U318	U412	1
U30	U142	1
U104	U138	1
U567	U49	1
U49	U567	1
U326	U18	1
U138	U104	1
U142	U30	1
U862	U124	1
U453	U305	1
U158	U70	1
U138	U104	1
U79	U1	1
U7	U489	1
U107	U361	1
U7	U489	1
U489	U7	1
U65	U1	1
U130	U89	1
U7	U489	1
U489	U7	1
U81	U213	1
U7	U489	1
U338	U238	1
U305	U453	1
U489	U7	1
U30	U260	1
U7	U213	1
U90	U401	1
U227	U184	1
U107	U361	1
U7	U489	1
U138	U104	1
U489	U7	1
U361	U107	1
U104	U138	1
U94	U133	1
U550	U401	1
U48	U66	1
U5	U10	1
U143	U669	1
U412	U184	1
U104	U213	1
U31	U294	1
U184	U412	1
U213	U81	1
U11	U55	1
U31	U51	1
U52	U18	1
U412	U318	1
U412	U318	1
U412	U318	1
U176	U66	1
U31	U51	1
U176	U22	1
U412	U32	1
U31	U286	1
U143	U622	1
U213	U104	1
U165	U58	1
U35	U412	1
U30	U142	1
U361	U107	1
U30	U142	1
U174	U297	1
U142	U39	1
U332	U590	1
U184	U412	1
U530	U412	1
U83	U551	1
U174	U112	1
U567	U49	1
U48	U1120	1
U30	U142	1
U401	U550	1
U142	U30	1
U281	U18	1
U66	U176	1
U412	U184	1
U165	U229	1
U412	U35	1
U184	U412	1
U142	U30	1
U833	U33	1
U401	U550	1
U137	U53	1
U11	U55	1
U10	U5	1
U255	U666	1
U580	U1120	1
U11	U55	1
U580	U1120	1
U88	U93	1
U1120	U580	1
U11	U55	1
U641	U647	1
U260	U30	1
U790	U622	1
U211	U104	1
U790	U237	1
U219	U30	1
U90	U278	1
U90	U75	1
U166	U401	1
U124	U862	1
U580	U1120	1
U211	U27	1
U276	U450	1
U271	U7	1
U171	U1	1
U550	U401	1
U1	U171	1
U1	U329	1
U426	U57	1
U171	U1	1
U106	U55	1
U329	U1	1
U1	U329	1
U281	U18	1
U175	U567	1
U329	U1	1
U166	U401	1
U55	U106	1
U160	U21	1
U396	U500	1
U30	U219	1
U10	U150	1
U10	U5	1
U55	U11	1
U174	U112	1
U93	U88	1
U21	U160	1
U160	U21	1
U1	U65	1
U1	U65	1
U1	U79	1
U1	U899	1
U489	U7	1
U39	U968	1
U30	U142	1
U203	U653	1
U239	U51	1
U489	U7	1
U7	U489	1
U75	U14	1
U305	U318	1
U489	U7	1
U305	U453	1
U166	U401	1
U622	U143	1
U30	U93	1
U94	U296	1
U289	U18	1
U289	U324	1
U104	U1182	1
U166	U401	1
U294	U18	1
U18	U294	1
U580	U1120	1
U166	U401	1
U581	U583	1
U21	U160	1
U160	U21	1
U148	U60	1
U111	U662	1
U166	U401	1
U394	U553	1
U75	U14	1
U39	U142	1
U40	U586	1
U401	U18	1
U118	U60	1
U118	U60	1
U526	U862	1
U111	U35	1
U51	U239	1
U55	U106	1
U622	U143	1
U90	U158	1
U392	U205	1
U64	U1146	1
U1	U81	1
U1	U336	1
U392	U14	1
U6	U51	1
U51	U6	1
U582	U1197	1
U6	U51	1
U52	U80	1
U1197	U41	1
U35	U33	1
U582	U41	1
U305	U453	1
U1197	U41	1
U41	U1197	1
U238	U266	1
U30	U77	1
U88	U93	1
U51	U6	1
U205	U104	1
U205	U392	1
U112	U25	1
U3	U134	1
U14	U392	1
U227	U1007	1
U608	U108	1
U25	U112	1
U30	U142	1
U108	U1	1
U112	U25	1
U81	U213	1
U6	U51	1
U583	U14	1
U392	U205	1
U51	U6	1
U10	U150	1
U6	U51	1
U66	U328	1
U104	U205	1
U108	U500	1
U156	U226	1
U156	U353	1
U24	U129	1
U582	U43	1
U81	U1	1
U6	U89	1
U34	U739	1
U80	U455	1
U455	U80	1
U237	U123	1
U276	U51	1
U129	U77	1
U40	U586	1
U813	U864	1
U3	U51	1
U38	U164	1
U617	U220	1
U128	U14	1
U65	U239	1
U3	U51	1
U182	U70	1
U3	U51	1
U77	U30	1
U77	U129	1
U276	U51	1
U175	U567	1
U80	U70	1
U49	U129	1
U336	U1	1
U2	U76	1
U1	U336	1
U3	U51	1
U276	U51	1
U1	U151	1
U1	U81	1
U1	U336	1
U51	U276	1
U75	U145	1
U1	U22	1
U567	U175	1
U608	U549	1
U51	U276	1
U276	U51	1
U51	U276	1
U122	U60	1
U328	U309	1
U151	U133	1
U81	U1	1
U276	U51	1
U31	U51	1
U90	U401	1
U51	U6	1
U30	U85	1
U30	U142	1
U85	U30	1
U420	U64	1
U31	U51	1
U239	U51	1
U30	U85	1
U30	U85	1
U85	U30	1
U30	U85	1
U142	U30	1
U420	U35	1
U25	U112	1
U85	U30	1
U18	U706	1
U420	U35	1
U30	U85	1
U139	U18	1
U85	U30	1
U590	U13	1
U420	U35	1
U31	U3	1
U134	U3	1
U551	U83	1
U420	U25	1
U90	U75	1
U90	U158	1
U90	U158	1
U453	U305	1
U261	U140	1
U140	U261	1
U30	U64	1
U85	U30	1
U31	U51	1
U30	U142	1
U30	U64	1
U118	U147	1
U51	U239	1
U142	U30	1
U420	U35	1
U51	U6	1
U294	U18	1
U294	U807	1
U64	U30	1
U25	U112	1
U30	U85	1
U143	U622	1
U51	U6	1
U81	U1	1
U420	U66	1
U420	U1162	1
U622	U1331	1
U25	U112	1
U24	U123	1
U112	U25	1
U420	U302	1
U143	U182	1
U586	U40	1
U420	U302	1
U6	U51	1
U51	U6	1
U90	U158	1
U142	U30	1
U182	U143	1
U18	U582	1
U6	U51	1
U179	U18	1
U90	U75	1
U85	U30	1
U147	U118	1
U239	U65	1
U112	U25	1
U30	U85	1
U420	U64	1
U30	U64	1
U35	U111	1
U6	U51	1
U30	U85	1
U25	U112	1
U64	U30	1
U30	U85	1
U35	U1132	1
U30	U64	1
U35	U1132	1
U35	U173	1
U112	U25	1
U73	U29	1
U51	U6	1
U85	U30	1
U41	U1197	1
U30	U142	1
U426	U641	1
U337	U60	1
U50	U12	1
U120	U152	1
U60	U337	1
U807	U294	1
U271	U7	1
U337	U60	1
U804	U111	1
U60	U12	1
U60	U337	1
U12	U50	1
U337	U60	1
U11	U215	1
U152	U120	1
U50	U12	1
U26	U9	1
U12	U60	1
U60	U12	1
U12	U50	1
U420	U73	1
U93	U30	1
U60	U226	1
U363	U418	1
U120	U152	1
U35	U111	1
U152	U120	1
U60	U12	1
U582	U18	1
U64	U30	1
U50	U12	1
U66	U919	1
U582	U43	1
U450	U276	1
U60	U12	1
U60	U348	1
U12	U50	1
U30	U93	1
U51	U31	1
U26	U9	1
U337	U60	1
U11	U152	1
U60	U337	1
U807	U742	1
U26	U9	1
U60	U49	1
U31	U51	1
U50	U30	1
U9	U5	1
U11	U152	1
U5	U9	1
U30	U50	1
U26	U9	1
U120	U152	1
U63	U176	1
U60	U102	1
U155	U152	1
U11	U237	1
U11	U152	1
U11	U152	1
U152	U155	1
U9	U5	1
U11	U173	1
U276	U294	1
U31	U294	1
U5	U9	1
U155	U152	1
U26	U9	1
U152	U155	1
U155	U152	1
U152	U11	1
U636	U132	1
U120	U152	1
U553	U394	1
U60	U337	1
U111	U804	1
U30	U50	1
U647	U641	1
U152	U120	1
U60	U12	1
U12	U60	1
U226	U156	1
U420	U73	1
U11	U152	1
U26	U9	1
U60	U337	1
U56	U315	1
U120	U1099	1
U152	U155	1
U26	U498	1
U50	U30	1
U12	U60	1
U24	U139	1
U420	U60	1
U30	U64	1
U337	U60	1
U375	U63	1
U412	U171	1
U142	U30	1
U152	U155	1
U111	U171	1
U120	U152	1
U60	U611	1
U152	U120	1
U132	U636	1
U9	U54	1
U142	U39	1
U420	U60	1
U30	U64	1
U294	U64	1
U363	U691	1
U111	U35	1
U489	U7	1
U171	U412	1
U60	U337	1
U171	U111	1
U8	U424	1
U60	U337	1
U32	U294	1
U30	U142	1
U994	U222	1
U9	U175	1
U994	U222	1
U142	U30	1
U171	U412	1
U8	U424	1
U155	U152	1
U420	U60	1
U239	U51	1
U9	U164	1
U412	U171	1
U15	U27	1
U337	U60	1
U120	U152	1
U182	U640	1
U30	U142	1
U424	U8	1
U171	U412	1
U51	U31	1
U127	U401	1
U98	U457	1
U71	U89	1
U420	U66	1
U11	U215	1
U64	U30	1
U120	U152	1
U60	U323	1
U420	U60	1
U30	U64	1
U31	U51	1
U227	U32	1
U420	U302	1
U60	U122	1
U337	U60	1
U215	U11	1
U581	U64	1
U420	U60	1
U553	U685	1
U60	U337	1
U64	U30	1
U152	U120	1
U111	U35	1
U60	U46	1
U420	U60	1
U30	U64	1
U8	U315	1
U420	U60	1
U122	U60	1
U420	U66	1
U64	U30	1
U420	U60	1
U35	U111	1
U120	U152	1
U581	U64	1
U8	U141	1
U294	U593	1
U294	U276	1
U30	U64	1
U593	U294	1
U420	U66	1
U581	U64	1
U152	U120	1
U64	U30	1
U60	U302	1
U294	U807	1
U30	U1099	1
U294	U31	1
U31	U51	1
U60	U102	1
U1293	U1240	1
U60	U118	1
U543	U401	1
U56	U973	1
U27	U211	1
U139	U24	1
U108	U668	1
U89	U38	1
U89	U38	1
U412	U329	1
U75	U14	1
U668	U108	1
U412	U313	1
U1001	U316	1
U1001	U316	1
U1001	U316	1
U55	U106	1
U105	U246	1
U543	U917	1
U412	U251	1
U105	U207	1
U89	U71	1
U543	U61	1
U412	U251	1
U359	U32	1
U313	U412	1
U808	U5	1
U251	U412	1
U176	U617	1
U5	U808	1
U175	U567	1
U808	U5	1
U5	U808	1
U276	U742	1
U41	U412	1
U22	U176	1
U22	U1	1
U543	U318	1
U102	U60	1
U706	U18	1
U27	U211	1
U412	U530	1
U412	U318	1
U64	U30	1
U294	U32	1
U61	U209	1
U75	U50	1
U669	U143	1
U106	U211	1
U61	U52	1
U583	U18	1
U108	U209	1
U32	U294	1
U1162	U328	1
U75	U50	1
U106	U55	1
U61	U114	1
U489	U1060	1
U89	U130	1
U426	U143	1
U294	U32	1
U61	U180	1
U75	U14	1
U41	U582	1
U35	U111	1
U412	U41	1
U1162	U919	1
U35	U641	1
U567	U175	1
U2	U13	1
U50	U537	1
U108	U668	1
U5	U742	1
U742	U276	1
U276	U742	1
U742	U294	1
U5	U50	1
U294	U742	1
U742	U276	1
U808	U968	1
U276	U742	1
U742	U5	1
U329	U1082	1
U213	U81	1
U5	U742	1
U30	U115	1
U742	U129	1
U38	U89	1
U337	U323	1
U56	U919	1
U1293	U1240	1
U7	U50	1
U46	U50	1
U543	U7	1
U61	U152	1
U50	U7	1
U171	U130	1
U215	U104	1
U152	U120	1
U111	U35	1
U61	U183	1
U7	U50	1
U46	U50	1
U50	U7	1
U412	U359	1
U865	U212	1
U420	U73	1
U30	U219	1
U171	U130	1
U7	U50	1
U635	U44	1
U130	U171	1
U50	U7	1
U543	U7	1
U1293	U1240	1
U294	U742	1
U8	U141	1
U155	U1182	1
U152	U155	1
U30	U543	1
U31	U51	1
U46	U50	1
U9	U5	1
U7	U489	1
U50	U7	1
U543	U318	1
U489	U7	1
U50	U7	1
U75	U152	1
U5	U9	1
U742	U294	1
U7	U50	1
U7	U543	1
U111	U102	1
U294	U742	1
U7	U50	1
U46	U50	1
U9	U641	1
U38	U23	1
U215	U184	1
U104	U1013	1
U66	U50	1
U31	U294	1
U214	U450	1
U66	U176	1
U412	U216	1
U50	U66	1
U742	U276	1
U216	U412	1
U229	U165	1
U182	U808	1
U130	U171	1
U66	U48	1
U567	U175	1
U455	U80	1
U66	U50	1
U171	U130	1
U1240	U1293	1
U66	U176	1
U66	U176	1
U182	U29	1
U66	U50	1
U174	U112	1
U219	U30	1
U30	U64	1
U80	U455	1
U212	U865	1
U212	U865	1
U38	U89	1
U61	U554	1
U149	U338	1
U7	U489	1
U742	U683	1
U61	U194	1
U7	U271	1
U31	U51	1
U7	U50	1
U586	U40	1
U543	U401	1
U174	U297	1
U683	U742	1
U315	U3	1
